2026-07-30 23:49:16 ERROR   PRIVATE_KEY_HYFI_UPDATER not set in .env
2026-07-31 21:37:54 ERROR   PRIVATE_KEY_HYFI_UPDATER not set in .env
2026-07-31 21:40:59 ERROR   PRIVATE_KEY_HYFI_UPDATER not set in .env
2026-07-31 21:41:56 ERROR   contracts['hyfi'] not set in config for chain robin
2026-07-31 21:42:11 ERROR   contracts['hyfi'] not set in config for chain robin
2026-07-31 21:42:25 INFO    Starting updater on robin (chainId 4663): hook=0xE06495094a44987833219A48B175C5c30D426088 updater=0x6f51c775547Dd7E1F1612e461754d3f24483684F balance=0.000000 ETH pairs=NVDA-USDG
2026-07-31 21:42:28 INFO    NVDA-USDG ready: poolId=0xc16369d31e57f6712533aeacdc99eb911818100e5e677242a6ad4a847c0e01ce tickWidth=10000000000 baseLiqUnit=100000000000000000 feePerSecond=100 base_is_c0=False decimals=18/6 askUnits=50 bookId=0 source=alpaca
2026-07-31 21:42:30 INFO    NVDA-USDG: bookId=1 bidTip=19730 (50 units) askTip=19740 (50 units)
2026-07-31 21:46:54 INFO    Starting updater on robin (chainId 4663): hook=0xE06495094a44987833219A48B175C5c30D426088 updater=0x6f51c775547Dd7E1F1612e461754d3f24483684F balance=0.000000 ETH pairs=NVDA-USDG
2026-07-31 21:46:56 INFO    NVDA-USDG ready: poolId=0xc16369d31e57f6712533aeacdc99eb911818100e5e677242a6ad4a847c0e01ce tickWidth=10000000000 baseLiqUnit=100000000000000000 feePerSecond=100 base_is_c0=False decimals=18/6 askUnits=50 bookId=0 source=alpaca
2026-07-31 21:46:58 INFO    NVDA-USDG: source book bid=197.35 ask=197.4
2026-07-31 21:46:58 INFO    NVDA-USDG: bookId=1 bidTip=19735 (50 units) askTip=19740 (50 units)
2026-07-31 21:47:00 ERROR   update loop error: {'code': -32000, 'message': 'insufficient funds for gas * price + value: address 0x6f51c775547Dd7E1F1612e461754d3f24483684F have 0 want 3645539280000'}
Traceback (most recent call last):
  File "/home/main/structured-products/hyfi-exchange/./script/python/update_books_single_tick.py", line 365, in run_loop
    except Exception as e:  # noqa: BLE001 - the loop must survive any single failure
            ^^^^^^^^^^^^^^^^^^^^^^^^^^^^^^^^^^^^^^^^^^^^^^^^^^^^^^^^^^^^^^^^^^^^^^^^^^
  File "/home/main/structured-products/hyfi-exchange/./script/python/update_books_single_tick.py", line 322, in send_update_books
    try:
         
  File "/home/main/structured-products/hyfi-exchange/venv/lib/python3.12/site-packages/web3/eth/eth.py", line 399, in send_raw_transaction
    return self._send_raw_transaction(transaction)
           ^^^^^^^^^^^^^^^^^^^^^^^^^^^^^^^^^^^^^^^
  File "/home/main/structured-products/hyfi-exchange/venv/lib/python3.12/site-packages/web3/module.py", line 112, in caller
    result = w3.manager.request_blocking(
             ^^^^^^^^^^^^^^^^^^^^^^^^^^^^
  File "/home/main/structured-products/hyfi-exchange/venv/lib/python3.12/site-packages/web3/manager.py", line 233, in request_blocking
    return self.formatted_response(
           ^^^^^^^^^^^^^^^^^^^^^^^^
  File "/home/main/structured-products/hyfi-exchange/venv/lib/python3.12/site-packages/web3/manager.py", line 199, in formatted_response
    validate_rpc_response_and_raise_if_error(
  File "/home/main/structured-products/hyfi-exchange/venv/lib/python3.12/site-packages/web3/_utils/validation.py", line 401, in validate_rpc_response_and_raise_if_error
    raise web3_rpc_error
web3.exceptions.Web3RPCError: {'code': -32000, 'message': 'insufficient funds for gas * price + value: address 0x6f51c775547Dd7E1F1612e461754d3f24483684F have 0 want 3645539280000'}
2026-07-31 21:47:03 INFO    NVDA-USDG: source book bid=197.35 ask=197.4
2026-07-31 21:47:03 INFO    NVDA-USDG: bookId=2 bidTip=19735 (50 units) askTip=19740 (50 units)
2026-07-31 21:47:04 INFO    Interrupted, shutting down
2026-07-31 21:48:12 INFO    Starting updater on robin (chainId 4663): hook=0xE06495094a44987833219A48B175C5c30D426088 updater=0x6f51c775547Dd7E1F1612e461754d3f24483684F balance=0.000000 ETH pairs=NVDA-USDG
2026-07-31 21:48:14 INFO    NVDA-USDG ready: poolId=0xc16369d31e57f6712533aeacdc99eb911818100e5e677242a6ad4a847c0e01ce tickWidth=10000000000 baseLiqUnit=100000000000000000 feePerSecond=100 base_is_c0=False decimals=18/6 askUnits=50 bookId=0 source=alpaca
2026-07-31 21:48:16 INFO    NVDA-USDG: source book bid=197.36 ask=197.48
2026-07-31 21:48:16 INFO    NVDA-USDG: bookId=1 bidTip=19736 (50 units) askTip=19748 (50 units)
2026-07-31 21:48:18 ERROR   update loop error: {'code': -32000, 'message': 'insufficient funds for gas * price + value: address 0x6f51c775547Dd7E1F1612e461754d3f24483684F have 0 want 3618793360000'}
Traceback (most recent call last):
  File "/home/main/structured-products/hyfi-exchange/script/python/update_books_single_tick.py", line 360, in run_loop
    send_update_books(w3, hyfi, account, chain_cfg['tx'], [u for _, u in included], now_ts)
  File "/home/main/structured-products/hyfi-exchange/script/python/update_books_single_tick.py", line 320, in send_update_books
    tx_hash = w3.eth.send_raw_transaction(account.sign_transaction(tx).raw_transaction)
              ^^^^^^^^^^^^^^^^^^^^^^^^^^^^^^^^^^^^^^^^^^^^^^^^^^^^^^^^^^^^^^^^^^^^^^^^^
  File "/home/main/structured-products/hyfi-exchange/venv/lib/python3.12/site-packages/web3/eth/eth.py", line 399, in send_raw_transaction
    return self._send_raw_transaction(transaction)
           ^^^^^^^^^^^^^^^^^^^^^^^^^^^^^^^^^^^^^^^
  File "/home/main/structured-products/hyfi-exchange/venv/lib/python3.12/site-packages/web3/module.py", line 112, in caller
    result = w3.manager.request_blocking(
             ^^^^^^^^^^^^^^^^^^^^^^^^^^^^
  File "/home/main/structured-products/hyfi-exchange/venv/lib/python3.12/site-packages/web3/manager.py", line 233, in request_blocking
    return self.formatted_response(
           ^^^^^^^^^^^^^^^^^^^^^^^^
  File "/home/main/structured-products/hyfi-exchange/venv/lib/python3.12/site-packages/web3/manager.py", line 199, in formatted_response
    validate_rpc_response_and_raise_if_error(
  File "/home/main/structured-products/hyfi-exchange/venv/lib/python3.12/site-packages/web3/_utils/validation.py", line 401, in validate_rpc_response_and_raise_if_error
    raise web3_rpc_error
web3.exceptions.Web3RPCError: {'code': -32000, 'message': 'insufficient funds for gas * price + value: address 0x6f51c775547Dd7E1F1612e461754d3f24483684F have 0 want 3618793360000'}
2026-07-31 21:50:20 INFO    Starting updater on robin (chainId 4663): hook=0xE06495094a44987833219A48B175C5c30D426088 updater=0x6f51c775547Dd7E1F1612e461754d3f24483684F balance=0.350000 ETH pairs=NVDA-USDG
2026-07-31 21:50:22 INFO    NVDA-USDG ready: poolId=0xc16369d31e57f6712533aeacdc99eb911818100e5e677242a6ad4a847c0e01ce tickWidth=10000000000 baseLiqUnit=100000000000000000 feePerSecond=100 base_is_c0=False decimals=18/6 askUnits=50 bookId=0 source=alpaca
2026-07-31 21:50:24 INFO    NVDA-USDG: source book bid=197.5 ask=197.58
2026-07-31 21:50:24 INFO    NVDA-USDG: bookId=1 bidTip=19750 (50 units) askTip=19758 (50 units)
2026-07-31 21:50:26 INFO    updateBooks sent (attempt 1/5): 9d4407136c86ddddf79306f245acfd3e21a6ba6c454c1e09abed6f3f5b0214e7 maxFee=0.041 gwei
2026-07-31 21:50:27 INFO    updateBooks confirmed in block 24154483 (gas used 72447): 9d4407136c86ddddf79306f245acfd3e21a6ba6c454c1e09abed6f3f5b0214e7
2026-07-31 21:50:28 INFO    NVDA-USDG: source book bid=197.5 ask=197.58
2026-07-31 21:50:28 INFO    NVDA-USDG: price unchanged and fresh (age 5s), skipping
2026-07-31 21:50:34 INFO    NVDA-USDG: source book bid=197.5 ask=197.58
2026-07-31 21:50:34 INFO    NVDA-USDG: price unchanged and fresh (age 10s), skipping
2026-07-31 21:50:39 INFO    NVDA-USDG: source book bid=197.54 ask=197.58
2026-07-31 21:50:39 INFO    NVDA-USDG: bookId=2 bidTip=19754 (50 units) askTip=19758 (50 units)
2026-07-31 21:50:41 INFO    updateBooks sent (attempt 1/5): 3e514e9667e476b765e3bf3d634155a866c71ff93c61fe599b2ecd1196b8c9ad maxFee=0.044 gwei
2026-07-31 21:50:42 INFO    updateBooks confirmed in block 24154633 (gas used 38247): 3e514e9667e476b765e3bf3d634155a866c71ff93c61fe599b2ecd1196b8c9ad
2026-07-31 21:50:44 INFO    NVDA-USDG: source book bid=197.55 ask=197.58
2026-07-31 21:50:44 INFO    NVDA-USDG: bookId=3 bidTip=19755 (50 units) askTip=19758 (50 units)
2026-07-31 21:50:46 INFO    updateBooks sent (attempt 1/5): c811ce8fd6995f4abd0f3d93358c71c2a70654426d5fa73125db8f478eeb962a maxFee=0.041 gwei
2026-07-31 21:50:47 INFO    updateBooks confirmed in block 24154682 (gas used 38247): c811ce8fd6995f4abd0f3d93358c71c2a70654426d5fa73125db8f478eeb962a
2026-07-31 21:56:00 INFO    Starting updater on robin (chainId 4663): hook=0xE06495094a44987833219A48B175C5c30D426088 updater=0x6f51c775547Dd7E1F1612e461754d3f24483684F balance=0.349997 ETH pairs=NVDA-USDG
2026-07-31 21:56:02 INFO    NVDA-USDG ready: poolId=0xc16369d31e57f6712533aeacdc99eb911818100e5e677242a6ad4a847c0e01ce tickWidth=10000000000 baseLiqUnit=100000000000000000 feePerSecond=100 base_is_c0=False decimals=18/6 askUnits=50 bookId=3 source=alpaca
2026-07-31 21:56:03 INFO    NVDA-USDG: source book bid=197.35 ask=197.52
2026-07-31 21:56:03 INFO    NVDA-USDG: bookId=4 bidTip=19735 (50 units) askTip=19752 (50 units)
2026-07-31 21:56:06 INFO    updateBooks sent (attempt 1/5): 843c4c109eb155fefee47cca9013128738b733597333c513596a533261f91b0a maxFee=0.041 gwei
2026-07-31 21:56:06 INFO    updateBooks confirmed in block 24157873 (gas used 38247): 843c4c109eb155fefee47cca9013128738b733597333c513596a533261f91b0a
2026-07-31 21:56:09 INFO    NVDA-USDG: source book bid=197.35 ask=197.51
2026-07-31 21:56:09 INFO    NVDA-USDG: bookId=5 bidTip=19735 (50 units) askTip=19751 (50 units)
2026-07-31 21:56:11 INFO    updateBooks sent (attempt 1/5): f1aecba6cffa7fd83f144680d067c8d6f4c5c895a5d492d6a523b9d8b90d3742 maxFee=0.041 gwei
2026-07-31 21:56:12 INFO    updateBooks confirmed in block 24157928 (gas used 38247): f1aecba6cffa7fd83f144680d067c8d6f4c5c895a5d492d6a523b9d8b90d3742
2026-07-31 21:56:14 INFO    NVDA-USDG: source book bid=197.35 ask=197.51
2026-07-31 21:56:14 INFO    NVDA-USDG: price unchanged and fresh (age 5s), skipping
2026-07-31 21:56:16 INFO    Interrupted, shutting down
2026-07-31 21:57:34 INFO    Starting updater on robin (chainId 4663): hook=0xE06495094a44987833219A48B175C5c30D426088 updater=0x6f51c775547Dd7E1F1612e461754d3f24483684F balance=0.349995 ETH pairs=NVDA-USDG
2026-07-31 21:57:36 INFO    NVDA-USDG ready: poolId=0xc16369d31e57f6712533aeacdc99eb911818100e5e677242a6ad4a847c0e01ce tickWidth=10000000000 baseLiqUnit=100000000000000000 feePerSecond=100 base_is_c0=False decimals=18/6 askUnits=50 bookId=5 source=alpaca
2026-07-31 21:57:37 INFO    NVDA-USDG: source book bid=197.43 ask=197.56
2026-07-31 21:57:37 INFO    NVDA-USDG: bookId=6 bidTip=19743 (50 units) askTip=19756 (50 units)
2026-07-31 21:57:40 INFO    updateBooks sent (attempt 1/5): e555323a6d3f8885c20030a39f3631475965e94560dbfb0c7d1a0cde91233bf0 maxFee=0.041 gwei
2026-07-31 21:57:40 INFO    updateBooks confirmed in block 24158811 (gas used 38247): 0xe555323a6d3f8885c20030a39f3631475965e94560dbfb0c7d1a0cde91233bf0
2026-07-31 21:57:48 INFO    NVDA-USDG: source book bid=197.44 ask=197.5
2026-07-31 21:57:48 INFO    NVDA-USDG: bookId=7 bidTip=19744 (50 units) askTip=19750 (50 units)
2026-07-31 21:57:50 INFO    updateBooks sent (attempt 1/5): 74857347cfd1a348121d295be1c90d1a098d5e513882cd5f099a2ca2d635e95b maxFee=0.041 gwei
2026-07-31 21:57:51 INFO    updateBooks confirmed in block 24158912 (gas used 38247): 0x74857347cfd1a348121d295be1c90d1a098d5e513882cd5f099a2ca2d635e95b
2026-07-31 21:57:58 INFO    NVDA-USDG: source book bid=197.45 ask=197.58
2026-07-31 21:57:58 INFO    NVDA-USDG: bookId=8 bidTip=19745 (50 units) askTip=19758 (50 units)
2026-07-31 21:58:00 INFO    updateBooks sent (attempt 1/5): fc98bff8f8967dcf9696ee3e1df7b6f1108560c124d6cebae419cadd39dff910 maxFee=0.042 gwei
2026-07-31 21:58:01 INFO    updateBooks confirmed in block 24159013 (gas used 38247): 0xfc98bff8f8967dcf9696ee3e1df7b6f1108560c124d6cebae419cadd39dff910
2026-07-31 21:58:08 INFO    NVDA-USDG: source book bid=197.46 ask=197.58
2026-07-31 21:58:08 INFO    NVDA-USDG: bookId=9 bidTip=19746 (50 units) askTip=19758 (50 units)
2026-07-31 21:58:10 INFO    updateBooks sent (attempt 1/5): b94c40338caf30319bf626a8630d78a325201dd2ac67bca2b66520e593200564 maxFee=0.041 gwei
2026-07-31 21:58:11 INFO    updateBooks confirmed in block 24159111 (gas used 38247): 0xb94c40338caf30319bf626a8630d78a325201dd2ac67bca2b66520e593200564
2026-07-31 21:58:18 INFO    NVDA-USDG: source book bid=197.46 ask=197.56
2026-07-31 21:58:18 INFO    NVDA-USDG: bookId=10 bidTip=19746 (50 units) askTip=19756 (50 units)
2026-07-31 21:58:21 INFO    updateBooks sent (attempt 1/5): ee9613c745e947c2613c6fc9f4731ac7677aba745d3786bd0b9aae6cca3f7326 maxFee=0.041 gwei
2026-07-31 21:58:21 INFO    updateBooks confirmed in block 24159213 (gas used 38247): 0xee9613c745e947c2613c6fc9f4731ac7677aba745d3786bd0b9aae6cca3f7326
2026-07-31 21:58:28 INFO    NVDA-USDG: source book bid=197.46 ask=197.64
2026-07-31 21:58:28 INFO    NVDA-USDG: bookId=11 bidTip=19746 (50 units) askTip=19764 (50 units)
2026-07-31 21:58:31 INFO    updateBooks sent (attempt 1/5): a12c9ced3ddaeee0b628f57219bd99ca10230bea48eba5607fc5904101c2b4b4 maxFee=0.041 gwei
2026-07-31 21:58:31 INFO    updateBooks confirmed in block 24159313 (gas used 38247): 0xa12c9ced3ddaeee0b628f57219bd99ca10230bea48eba5607fc5904101c2b4b4
2026-07-31 21:58:38 INFO    NVDA-USDG: source book bid=197.46 ask=197.58
2026-07-31 21:58:38 INFO    NVDA-USDG: bookId=12 bidTip=19746 (50 units) askTip=19758 (50 units)
2026-07-31 21:58:40 INFO    updateBooks sent (attempt 1/5): f8d2ab9c06ee1b1ee47ed2b92c2ef98b7af7de1424a7c5f2a7dcdc048fa48872 maxFee=0.041 gwei
2026-07-31 21:58:41 INFO    updateBooks confirmed in block 24159411 (gas used 38247): 0xf8d2ab9c06ee1b1ee47ed2b92c2ef98b7af7de1424a7c5f2a7dcdc048fa48872
2026-07-31 21:58:48 INFO    NVDA-USDG: source book bid=197.51 ask=197.66
2026-07-31 21:58:48 INFO    NVDA-USDG: bookId=13 bidTip=19751 (50 units) askTip=19766 (50 units)
2026-07-31 21:58:50 INFO    updateBooks sent (attempt 1/5): e1fb49e1180b2c5f0a01ac7064ec362f487251d10ff7e5f5bd96808233a2afba maxFee=0.041 gwei
2026-07-31 21:58:51 INFO    updateBooks confirmed in block 24159509 (gas used 38247): 0xe1fb49e1180b2c5f0a01ac7064ec362f487251d10ff7e5f5bd96808233a2afba
2026-07-31 21:58:58 INFO    NVDA-USDG: source book bid=197.51 ask=197.66
2026-07-31 21:58:58 INFO    NVDA-USDG: price unchanged and fresh (age 10s), skipping
2026-07-31 21:59:08 INFO    NVDA-USDG: source book bid=197.51 ask=197.66
2026-07-31 21:59:08 INFO    NVDA-USDG: price unchanged and fresh (age 20s), skipping
2026-07-31 21:59:11 INFO    Interrupted, shutting down
2026-07-31 22:16:49 INFO    Starting updater on robin (chainId 4663): hook=0xE06495094a44987833219A48B175C5c30D426088 updater=0x6f51c775547Dd7E1F1612e461754d3f24483684F balance=0.349989 ETH pairs=NVDA-USDG
2026-07-31 22:16:50 INFO    NVDA-USDG ready: poolId=0xc16369d31e57f6712533aeacdc99eb911818100e5e677242a6ad4a847c0e01ce tickWidth=10000000000 baseLiqUnit=100000000000000000 feePerSecond=100 base_is_c0=False decimals=18/6 askUnits=50 bookId=13 source=alpaca
2026-07-31 22:16:52 INFO    NVDA-USDG: source book bid=196.69 ask=196.75
2026-07-31 22:16:52 INFO    NVDA-USDG: bookId=14 bidTip=19669 (50 units) askTip=19675 (50 units)
2026-07-31 22:16:55 INFO    updateBooks sent (attempt 1/5): 7af6dbc10877949c9e52fe565f2c0bf471e6b2704a37122d205d9711f67e2d16 maxFee=0.041 gwei
2026-07-31 22:16:55 INFO    updateBooks confirmed in block 24170326 (gas used 38247): 0x7af6dbc10877949c9e52fe565f2c0bf471e6b2704a37122d205d9711f67e2d16 | $0.64/hour
2026-07-31 22:17:02 INFO    NVDA-USDG: source book bid=196.71 ask=196.75
2026-07-31 22:17:02 INFO    NVDA-USDG: bookId=15 bidTip=19671 (50 units) askTip=19675 (50 units)
2026-07-31 22:17:05 INFO    updateBooks sent (attempt 1/5): b26c518ac000a816396f690717d6f3831144dcab54f2d432f2ad0148f91ff7f6 maxFee=0.041 gwei
2026-07-31 22:17:05 INFO    updateBooks confirmed in block 24170426 (gas used 38247): 0xb26c518ac000a816396f690717d6f3831144dcab54f2d432f2ad0148f91ff7f6 | $0.59/hour
2026-07-31 22:17:12 INFO    NVDA-USDG: source book bid=196.71 ask=196.79
2026-07-31 22:17:12 INFO    NVDA-USDG: bookId=16 bidTip=19671 (50 units) askTip=19679 (50 units)
2026-07-31 22:17:15 INFO    updateBooks sent (attempt 1/5): aa5a0c0cfe0982dbe9a45b75f32c2e18e9b0aa3d7e96ea131409fcad3caddd40 maxFee=0.041 gwei
2026-07-31 22:17:15 INFO    updateBooks confirmed in block 24170525 (gas used 38247): 0xaa5a0c0cfe0982dbe9a45b75f32c2e18e9b0aa3d7e96ea131409fcad3caddd40 | $0.58/hour
2026-07-31 22:17:22 INFO    NVDA-USDG: source book bid=196.73 ask=196.8
2026-07-31 22:17:22 INFO    NVDA-USDG: bookId=17 bidTip=19673 (50 units) askTip=19680 (50 units)
2026-07-31 22:17:24 INFO    updateBooks sent (attempt 1/5): 9c44633df35633991e4de87a468b1a2e354485588ace42b3cc5bcbb8df2b7ab2 maxFee=0.041 gwei
2026-07-31 22:17:25 INFO    updateBooks confirmed in block 24170622 (gas used 38247): 0x9c44633df35633991e4de87a468b1a2e354485588ace42b3cc5bcbb8df2b7ab2 | $0.58/hour
2026-07-31 22:17:32 INFO    NVDA-USDG: source book bid=196.73 ask=196.76
2026-07-31 22:17:32 INFO    NVDA-USDG: bookId=18 bidTip=19673 (50 units) askTip=19676 (50 units)
2026-07-31 22:17:35 INFO    updateBooks sent (attempt 1/5): a58c9fec519d514b33a9b3826b3e09591a517712516ee318c80fe175b23535ed maxFee=0.041 gwei
2026-07-31 22:17:35 INFO    updateBooks confirmed in block 24170724 (gas used 38247): 0xa58c9fec519d514b33a9b3826b3e09591a517712516ee318c80fe175b23535ed | $0.57/hour
2026-07-31 22:17:42 INFO    NVDA-USDG: source book bid=196.7 ask=196.75
2026-07-31 22:17:42 INFO    NVDA-USDG: bookId=19 bidTip=19670 (50 units) askTip=19675 (50 units)
2026-07-31 22:17:45 INFO    updateBooks sent (attempt 1/5): ac3f58d87d01e0c5c5063c0ca7f9bd973f3f36139813e47e22e0231694487836 maxFee=0.041 gwei
2026-07-31 22:17:45 INFO    updateBooks confirmed in block 24170824 (gas used 38247): 0xac3f58d87d01e0c5c5063c0ca7f9bd973f3f36139813e47e22e0231694487836 | $0.57/hour
2026-07-31 22:17:52 INFO    NVDA-USDG: source book bid=196.7 ask=196.75
2026-07-31 22:17:52 INFO    NVDA-USDG: price unchanged and fresh (age 10s), skipping
2026-07-31 22:18:02 INFO    NVDA-USDG: source book bid=196.71 ask=196.8
2026-07-31 22:18:02 INFO    NVDA-USDG: bookId=20 bidTip=19671 (50 units) askTip=19680 (50 units)
2026-07-31 22:18:05 INFO    updateBooks sent (attempt 1/5): 74dd16485f8bd19df37e5313b2aec8541318ebdadeda0d6bd9b206b4c71cf7da maxFee=0.041 gwei
2026-07-31 22:18:05 INFO    updateBooks confirmed in block 24171024 (gas used 38247): 0x74dd16485f8bd19df37e5313b2aec8541318ebdadeda0d6bd9b206b4c71cf7da | $0.49/hour
2026-07-31 22:18:12 INFO    NVDA-USDG: source book bid=196.7 ask=196.8
2026-07-31 22:18:12 INFO    NVDA-USDG: bookId=21 bidTip=19670 (50 units) askTip=19680 (50 units)
2026-07-31 22:18:15 INFO    updateBooks sent (attempt 1/5): 007aa0df535d5ebe43b92fb6b5ba70c08434c457ffcdf7b1804a9f5c9afd579e maxFee=0.041 gwei
2026-07-31 22:18:15 INFO    updateBooks confirmed in block 24171122 (gas used 38247): 0x007aa0df535d5ebe43b92fb6b5ba70c08434c457ffcdf7b1804a9f5c9afd579e | $0.50/hour
2026-07-31 22:18:22 INFO    NVDA-USDG: source book bid=196.7 ask=196.76
2026-07-31 22:18:22 INFO    NVDA-USDG: bookId=22 bidTip=19670 (50 units) askTip=19676 (50 units)
2026-07-31 22:18:25 INFO    updateBooks sent (attempt 1/5): 51568ef5aef07019d1e6b2909b0011fcd1667be545dd62b23e88963c80fa2eb6 maxFee=0.042 gwei
2026-07-31 22:18:25 INFO    updateBooks confirmed in block 24171224 (gas used 38247): 0x51568ef5aef07019d1e6b2909b0011fcd1667be545dd62b23e88963c80fa2eb6 | $0.50/hour
2026-07-31 22:18:32 INFO    NVDA-USDG: source book bid=196.7 ask=196.76
2026-07-31 22:18:32 INFO    NVDA-USDG: price unchanged and fresh (age 10s), skipping
2026-07-31 22:18:42 INFO    NVDA-USDG: source book bid=196.71 ask=196.77
2026-07-31 22:18:42 INFO    NVDA-USDG: bookId=23 bidTip=19671 (50 units) askTip=19677 (50 units)
2026-07-31 22:18:45 INFO    updateBooks sent (attempt 1/5): 73ec96e89c35c9bff984d0a584194c5b8d911fe0c8a2e83ad4c0a8b8df282af0 maxFee=0.042 gwei
2026-07-31 22:18:45 INFO    updateBooks confirmed in block 24171420 (gas used 38247): 0x73ec96e89c35c9bff984d0a584194c5b8d911fe0c8a2e83ad4c0a8b8df282af0 | $0.47/hour
2026-07-31 22:18:52 INFO    NVDA-USDG: source book bid=196.72 ask=196.77
2026-07-31 22:18:52 INFO    NVDA-USDG: bookId=24 bidTip=19672 (50 units) askTip=19677 (50 units)
2026-07-31 22:18:55 INFO    updateBooks sent (attempt 1/5): f073fc857c0b93ea884f74a9a172414104f2e39b946cd557f7e574c4a054e6c1 maxFee=0.041 gwei
2026-07-31 22:18:55 INFO    updateBooks confirmed in block 24171521 (gas used 38247): 0xf073fc857c0b93ea884f74a9a172414104f2e39b946cd557f7e574c4a054e6c1 | $0.47/hour
2026-07-31 22:19:02 INFO    NVDA-USDG: source book bid=196.65 ask=196.72
2026-07-31 22:19:02 INFO    NVDA-USDG: bookId=25 bidTip=19665 (50 units) askTip=19672 (50 units)
2026-07-31 22:19:05 INFO    updateBooks sent (attempt 1/5): 6119b1b25534df2881fd93ffc7d656058b186976d3fd9ac5c9839e2e177c7b85 maxFee=0.042 gwei
2026-07-31 22:19:05 INFO    updateBooks confirmed in block 24171619 (gas used 38247): 0x6119b1b25534df2881fd93ffc7d656058b186976d3fd9ac5c9839e2e177c7b85 | $0.48/hour
2026-07-31 22:19:12 INFO    NVDA-USDG: source book bid=196.67 ask=196.87
2026-07-31 22:19:12 INFO    NVDA-USDG: bookId=26 bidTip=19667 (50 units) askTip=19687 (50 units)
2026-07-31 22:19:15 INFO    updateBooks sent (attempt 1/5): 85448b6b71503145401007d80ac822c60164372246285ae13a8b575546682771 maxFee=0.041 gwei
2026-07-31 22:19:15 INFO    updateBooks confirmed in block 24171718 (gas used 38247): 0x85448b6b71503145401007d80ac822c60164372246285ae13a8b575546682771 | $0.49/hour
2026-07-31 22:19:22 INFO    NVDA-USDG: source book bid=196.71 ask=196.78
2026-07-31 22:19:22 INFO    NVDA-USDG: bookId=27 bidTip=19671 (50 units) askTip=19678 (50 units)
2026-07-31 22:19:25 INFO    updateBooks sent (attempt 1/5): 56b809c3a94fcdd04505e1cd3352db0aa474c73053a93628b538347aec8cf4e6 maxFee=0.041 gwei
2026-07-31 22:19:25 INFO    updateBooks confirmed in block 24171818 (gas used 38247): 0x56b809c3a94fcdd04505e1cd3352db0aa474c73053a93628b538347aec8cf4e6 | $0.49/hour
2026-07-31 22:19:32 INFO    NVDA-USDG: source book bid=196.57 ask=196.61
2026-07-31 22:19:32 INFO    NVDA-USDG: bookId=28 bidTip=19657 (50 units) askTip=19661 (50 units)
2026-07-31 22:19:35 INFO    updateBooks sent (attempt 1/5): a805011615e6c5b566da6f9471b72d1635e0341f999168a21f665d4ada2d758a maxFee=0.041 gwei
2026-07-31 22:19:35 INFO    updateBooks confirmed in block 24171918 (gas used 38247): 0xa805011615e6c5b566da6f9471b72d1635e0341f999168a21f665d4ada2d758a | $0.49/hour
2026-07-31 22:19:42 INFO    NVDA-USDG: source book bid=196.46 ask=196.57
2026-07-31 22:19:42 INFO    NVDA-USDG: bookId=29 bidTip=19646 (50 units) askTip=19657 (50 units)
2026-07-31 22:19:45 INFO    updateBooks sent (attempt 1/5): 9a77a75726fc2b56b003dff74f3b7cbf14ac1b53a0c70541f846c7a9849b62bd maxFee=0.042 gwei
2026-07-31 22:19:45 INFO    updateBooks confirmed in block 24172016 (gas used 38247): 0x9a77a75726fc2b56b003dff74f3b7cbf14ac1b53a0c70541f846c7a9849b62bd | $0.50/hour
2026-07-31 22:19:52 INFO    NVDA-USDG: source book bid=196.33 ask=196.5
2026-07-31 22:19:52 INFO    NVDA-USDG: bookId=30 bidTip=19633 (50 units) askTip=19650 (50 units)
2026-07-31 22:19:55 INFO    updateBooks sent (attempt 1/5): 173c77879cc3e63df4230584798de1a06461a6eb54394dea51880b623952e55b maxFee=0.042 gwei
2026-07-31 22:19:55 INFO    updateBooks confirmed in block 24172128 (gas used 38247): 0x173c77879cc3e63df4230584798de1a06461a6eb54394dea51880b623952e55b | $0.50/hour
2026-07-31 22:20:02 INFO    NVDA-USDG: source book bid=196.41 ask=196.53
2026-07-31 22:20:02 INFO    NVDA-USDG: bookId=31 bidTip=19641 (50 units) askTip=19653 (50 units)
2026-07-31 22:20:05 INFO    updateBooks sent (attempt 1/5): 200b8bcfdd4e68224f481e303eec74f896fe4fbdd3f1188f40c8b16430cf589b maxFee=0.041 gwei
2026-07-31 22:20:05 INFO    updateBooks confirmed in block 24172228 (gas used 38247): 0x200b8bcfdd4e68224f481e303eec74f896fe4fbdd3f1188f40c8b16430cf589b | $0.50/hour
2026-07-31 22:20:12 INFO    NVDA-USDG: source book bid=196.5 ask=196.71
2026-07-31 22:20:12 INFO    NVDA-USDG: bookId=32 bidTip=19650 (50 units) askTip=19671 (50 units)
2026-07-31 22:20:15 INFO    updateBooks sent (attempt 1/5): a9cca6a906bc9ef18ccfe87261e6623228cef640d947b1e53e5a8fd0157bf5c7 maxFee=0.042 gwei
2026-07-31 22:20:15 INFO    updateBooks confirmed in block 24172329 (gas used 38247): 0xa9cca6a906bc9ef18ccfe87261e6623228cef640d947b1e53e5a8fd0157bf5c7 | $0.51/hour
2026-07-31 22:20:22 INFO    NVDA-USDG: source book bid=196.46 ask=196.53
2026-07-31 22:20:22 INFO    NVDA-USDG: bookId=33 bidTip=19646 (50 units) askTip=19653 (50 units)
2026-07-31 22:20:25 INFO    updateBooks sent (attempt 1/5): d56f8ec8c736a434b6b92a6becad663f24c0b101331dbddb62a0e1fa686818a3 maxFee=0.041 gwei
2026-07-31 22:20:25 INFO    updateBooks confirmed in block 24172427 (gas used 38247): 0xd56f8ec8c736a434b6b92a6becad663f24c0b101331dbddb62a0e1fa686818a3 | $0.51/hour
2026-07-31 22:20:32 INFO    NVDA-USDG: source book bid=196.46 ask=196.71
2026-07-31 22:20:32 INFO    NVDA-USDG: bookId=34 bidTip=19646 (50 units) askTip=19671 (50 units)
2026-07-31 22:20:35 INFO    updateBooks sent (attempt 1/5): ff5613cc8284f27d329960b86263e3cd8763dd37e8ba073b523da49ff5f41219 maxFee=0.041 gwei
2026-07-31 22:20:35 INFO    updateBooks confirmed in block 24172528 (gas used 38247): 0xff5613cc8284f27d329960b86263e3cd8763dd37e8ba073b523da49ff5f41219 | $0.51/hour
2026-07-31 22:20:42 INFO    NVDA-USDG: source book bid=196.46 ask=196.71
2026-07-31 22:20:42 INFO    NVDA-USDG: price unchanged and fresh (age 10s), skipping
2026-07-31 22:20:52 INFO    NVDA-USDG: source book bid=196.51 ask=196.71
2026-07-31 22:20:52 INFO    NVDA-USDG: bookId=35 bidTip=19651 (50 units) askTip=19671 (50 units)
2026-07-31 22:20:55 INFO    updateBooks sent (attempt 1/5): ac5894c977ce4159e614efe2c5158507e0cbb9f79f44c12a25370b5ea6529da8 maxFee=0.042 gwei
2026-07-31 22:20:55 INFO    updateBooks confirmed in block 24172724 (gas used 38247): 0xac5894c977ce4159e614efe2c5158507e0cbb9f79f44c12a25370b5ea6529da8 | $0.49/hour
2026-07-31 22:21:02 INFO    NVDA-USDG: source book bid=196.52 ask=196.71
2026-07-31 22:21:02 INFO    NVDA-USDG: bookId=36 bidTip=19652 (50 units) askTip=19671 (50 units)
2026-07-31 22:21:05 INFO    updateBooks sent (attempt 1/5): c2589b150ec10ad00bc756e957e82fc572b2e0374f24e1f3792acd6e7258c3b7 maxFee=0.042 gwei
2026-07-31 22:21:05 INFO    updateBooks confirmed in block 24172824 (gas used 38247): 0xc2589b150ec10ad00bc756e957e82fc572b2e0374f24e1f3792acd6e7258c3b7 | $0.49/hour
2026-07-31 22:21:12 INFO    NVDA-USDG: source book bid=196.63 ask=196.71
2026-07-31 22:21:12 INFO    NVDA-USDG: bookId=37 bidTip=19663 (50 units) askTip=19671 (50 units)
2026-07-31 22:21:15 INFO    updateBooks sent (attempt 1/5): f37a0933d87a20e6a43da46359423aa633e43a5e550f5bd776670b04c6ba80e4 maxFee=0.042 gwei
2026-07-31 22:21:15 INFO    updateBooks confirmed in block 24172925 (gas used 38247): 0xf37a0933d87a20e6a43da46359423aa633e43a5e550f5bd776670b04c6ba80e4 | $0.50/hour
2026-07-31 22:21:22 INFO    NVDA-USDG: source book bid=196.63 ask=196.71
2026-07-31 22:21:22 INFO    NVDA-USDG: price unchanged and fresh (age 10s), skipping
2026-07-31 22:21:32 INFO    NVDA-USDG: source book bid=196.64 ask=196.75
2026-07-31 22:21:32 INFO    NVDA-USDG: bookId=38 bidTip=19664 (50 units) askTip=19675 (50 units)
2026-07-31 22:21:35 INFO    updateBooks sent (attempt 1/5): 03da4334e3255433c803613718ac7c9e9a3a4e0c9563330a199e7df4146663fc maxFee=0.041 gwei
2026-07-31 22:21:35 INFO    updateBooks confirmed in block 24173122 (gas used 38247): 0x03da4334e3255433c803613718ac7c9e9a3a4e0c9563330a199e7df4146663fc | $0.48/hour
2026-07-31 22:21:42 INFO    NVDA-USDG: source book bid=196.69 ask=196.94
2026-07-31 22:21:42 INFO    NVDA-USDG: bookId=39 bidTip=19669 (50 units) askTip=19694 (50 units)
2026-07-31 22:21:45 INFO    updateBooks sent (attempt 1/5): 31aeb05ea82479e760f10b4a62db9061f59a46d9f6236b6633962d097bb74386 maxFee=0.041 gwei
2026-07-31 22:21:45 INFO    updateBooks confirmed in block 24173223 (gas used 38247): 0x31aeb05ea82479e760f10b4a62db9061f59a46d9f6236b6633962d097bb74386 | $0.48/hour
2026-07-31 22:21:52 INFO    NVDA-USDG: source book bid=196.72 ask=196.99
2026-07-31 22:21:52 INFO    NVDA-USDG: bookId=40 bidTip=19672 (50 units) askTip=19699 (50 units)
2026-07-31 22:21:55 INFO    updateBooks sent (attempt 1/5): eb7513722b68cc25147b0ff28f078f73fcb274af3f49cdfe45610a47e70783c3 maxFee=0.041 gwei
2026-07-31 22:21:55 INFO    updateBooks confirmed in block 24173323 (gas used 38247): 0xeb7513722b68cc25147b0ff28f078f73fcb274af3f49cdfe45610a47e70783c3 | $0.49/hour
2026-07-31 22:22:02 INFO    NVDA-USDG: source book bid=196.72 ask=196.99
2026-07-31 22:22:02 INFO    NVDA-USDG: price unchanged and fresh (age 10s), skipping
2026-07-31 22:22:12 INFO    NVDA-USDG: source book bid=196.71 ask=196.9
2026-07-31 22:22:12 INFO    NVDA-USDG: bookId=41 bidTip=19671 (50 units) askTip=19690 (50 units)
2026-07-31 22:22:15 INFO    updateBooks sent (attempt 1/5): 3d5e5457f21152e73c1c346de19dbe974cb5410e4ca93881d0b9393642769b3d maxFee=0.041 gwei
2026-07-31 22:22:15 INFO    updateBooks confirmed in block 24173521 (gas used 38247): 0x3d5e5457f21152e73c1c346de19dbe974cb5410e4ca93881d0b9393642769b3d | $0.47/hour
2026-07-31 22:22:22 INFO    NVDA-USDG: source book bid=196.75 ask=196.79
2026-07-31 22:22:22 INFO    NVDA-USDG: bookId=42 bidTip=19675 (50 units) askTip=19679 (50 units)
2026-07-31 22:22:25 INFO    updateBooks sent (attempt 1/5): 3366c1e4ad489ad51c03be60d355d393ea9d2eb9e5152eb24b0a74f61b5b5165 maxFee=0.042 gwei
2026-07-31 22:22:25 INFO    updateBooks confirmed in block 24173619 (gas used 38247): 0x3366c1e4ad489ad51c03be60d355d393ea9d2eb9e5152eb24b0a74f61b5b5165 | $0.48/hour
2026-07-31 22:22:32 INFO    NVDA-USDG: source book bid=196.7 ask=196.76
2026-07-31 22:22:32 INFO    NVDA-USDG: bookId=43 bidTip=19670 (50 units) askTip=19676 (50 units)
2026-07-31 22:22:35 INFO    updateBooks sent (attempt 1/5): 7cecc666bac931e927ee09a94f5523b0d1cc9eaee47c3c1c20a8da37cc162ec3 maxFee=0.041 gwei
2026-07-31 22:22:35 INFO    updateBooks confirmed in block 24173719 (gas used 38247): 0x7cecc666bac931e927ee09a94f5523b0d1cc9eaee47c3c1c20a8da37cc162ec3 | $0.48/hour
2026-07-31 22:22:42 INFO    NVDA-USDG: source book bid=196.7 ask=196.86
2026-07-31 22:22:42 INFO    NVDA-USDG: bookId=44 bidTip=19670 (50 units) askTip=19686 (50 units)
2026-07-31 22:22:45 INFO    updateBooks sent (attempt 1/5): 5aaa1c13f2add2326912da4e2858ffbd496a9071b71a87af7e024f738734fd5d maxFee=0.042 gwei
2026-07-31 22:22:45 INFO    updateBooks confirmed in block 24173819 (gas used 38247): 0x5aaa1c13f2add2326912da4e2858ffbd496a9071b71a87af7e024f738734fd5d | $0.48/hour
2026-07-31 22:22:52 INFO    NVDA-USDG: source book bid=196.7 ask=196.79
2026-07-31 22:22:52 INFO    NVDA-USDG: bookId=45 bidTip=19670 (50 units) askTip=19679 (50 units)
2026-07-31 22:22:55 INFO    updateBooks sent (attempt 1/5): 0b28093373f1e749873dbcef4f37f49969211998abb1b9288a05b54933b11e37 maxFee=0.041 gwei
2026-07-31 22:22:55 INFO    updateBooks confirmed in block 24173918 (gas used 38247): 0x0b28093373f1e749873dbcef4f37f49969211998abb1b9288a05b54933b11e37 | $0.48/hour
2026-07-31 22:23:02 INFO    NVDA-USDG: source book bid=196.61 ask=196.79
2026-07-31 22:23:02 INFO    NVDA-USDG: bookId=46 bidTip=19661 (50 units) askTip=19679 (50 units)
2026-07-31 22:23:05 INFO    updateBooks sent (attempt 1/5): d8541897b2ca4375b834e4646968919edd7316fc94126d12b7b0a330c8ec7ebd maxFee=0.041 gwei
2026-07-31 22:23:05 INFO    updateBooks confirmed in block 24174019 (gas used 38247): 0xd8541897b2ca4375b834e4646968919edd7316fc94126d12b7b0a330c8ec7ebd | $0.48/hour
2026-07-31 22:23:12 INFO    NVDA-USDG: source book bid=196.5 ask=196.67
2026-07-31 22:23:12 INFO    NVDA-USDG: bookId=47 bidTip=19650 (50 units) askTip=19667 (50 units)
2026-07-31 22:23:15 INFO    updateBooks sent (attempt 1/5): 8e57b382fc5ef68746bcae3ae6510ea62a80bd9345514550e29f9fa64b5d06f4 maxFee=0.041 gwei
2026-07-31 22:23:15 INFO    updateBooks confirmed in block 24174116 (gas used 38247): 0x8e57b382fc5ef68746bcae3ae6510ea62a80bd9345514550e29f9fa64b5d06f4 | $0.49/hour
2026-07-31 22:23:22 INFO    NVDA-USDG: source book bid=196.51 ask=196.67
2026-07-31 22:23:22 INFO    NVDA-USDG: bookId=48 bidTip=19651 (50 units) askTip=19667 (50 units)
2026-07-31 22:23:25 INFO    updateBooks sent (attempt 1/5): 666660a1e4f578c3e06e83d126aa2b64f0365ef8cf5540d1f1d9c67a790baca5 maxFee=0.041 gwei
2026-07-31 22:23:25 INFO    updateBooks confirmed in block 24174218 (gas used 38247): 0x666660a1e4f578c3e06e83d126aa2b64f0365ef8cf5540d1f1d9c67a790baca5 | $0.49/hour
2026-07-31 22:23:32 INFO    NVDA-USDG: source book bid=196.56 ask=196.75
2026-07-31 22:23:32 INFO    NVDA-USDG: bookId=49 bidTip=19656 (50 units) askTip=19675 (50 units)
2026-07-31 22:23:35 INFO    updateBooks sent (attempt 1/5): 23a9dc4fd6d390ede89455fcb1a780552c4f57008f8ecfada885e0079712e5c8 maxFee=0.042 gwei
2026-07-31 22:23:35 INFO    updateBooks confirmed in block 24174317 (gas used 38247): 0x23a9dc4fd6d390ede89455fcb1a780552c4f57008f8ecfada885e0079712e5c8 | $0.49/hour
2026-07-31 22:23:42 INFO    NVDA-USDG: source book bid=196.7 ask=196.75
2026-07-31 22:23:42 INFO    NVDA-USDG: bookId=50 bidTip=19670 (50 units) askTip=19675 (50 units)
2026-07-31 22:23:45 INFO    updateBooks sent (attempt 1/5): 792ad1ca4bd2076426d34f012f962a0eca04adada6f6dd4c62a0bdc401593a5d maxFee=0.041 gwei
2026-07-31 22:23:45 INFO    updateBooks confirmed in block 24174416 (gas used 38247): 0x792ad1ca4bd2076426d34f012f962a0eca04adada6f6dd4c62a0bdc401593a5d | $0.49/hour
2026-07-31 22:23:52 INFO    NVDA-USDG: source book bid=196.71 ask=196.75
2026-07-31 22:23:52 INFO    NVDA-USDG: bookId=51 bidTip=19671 (50 units) askTip=19675 (50 units)
2026-07-31 22:23:55 INFO    updateBooks sent (attempt 1/5): 157827110b05702781a1a71fab31d871f03e8b2dae32a0d073e222bf55a29a0e maxFee=0.041 gwei
2026-07-31 22:23:55 INFO    updateBooks confirmed in block 24174516 (gas used 38247): 0x157827110b05702781a1a71fab31d871f03e8b2dae32a0d073e222bf55a29a0e | $0.49/hour
2026-07-31 22:24:02 INFO    NVDA-USDG: source book bid=196.71 ask=196.78
2026-07-31 22:24:02 INFO    NVDA-USDG: bookId=52 bidTip=19671 (50 units) askTip=19678 (50 units)
2026-07-31 22:24:05 INFO    updateBooks sent (attempt 1/5): 51b164b55a3e89775eea5a657e4aae50b693203fc274b26ea4be5f2dfd269548 maxFee=0.041 gwei
2026-07-31 22:24:05 INFO    updateBooks confirmed in block 24174614 (gas used 38247): 0x51b164b55a3e89775eea5a657e4aae50b693203fc274b26ea4be5f2dfd269548 | $0.49/hour
2026-07-31 22:24:12 INFO    NVDA-USDG: source book bid=196.74 ask=196.9
2026-07-31 22:24:12 INFO    NVDA-USDG: bookId=53 bidTip=19674 (50 units) askTip=19690 (50 units)
2026-07-31 22:24:15 INFO    updateBooks sent (attempt 1/5): e31521ebe3cb5a3debf37fcee2725ba14b7547aa0487c75b03ce56ad38c96768 maxFee=0.042 gwei
2026-07-31 22:24:15 INFO    updateBooks confirmed in block 24174714 (gas used 38247): 0xe31521ebe3cb5a3debf37fcee2725ba14b7547aa0487c75b03ce56ad38c96768 | $0.50/hour
2026-07-31 22:24:22 INFO    NVDA-USDG: source book bid=196.78 ask=196.85
2026-07-31 22:24:22 INFO    NVDA-USDG: bookId=54 bidTip=19678 (50 units) askTip=19685 (50 units)
2026-07-31 22:24:25 INFO    updateBooks sent (attempt 1/5): 02ca14895ccd11abb85779c55b7e6f25b6def752e1c8b61e61876046e30d8638 maxFee=0.041 gwei
2026-07-31 22:24:25 INFO    updateBooks confirmed in block 24174814 (gas used 38247): 0x02ca14895ccd11abb85779c55b7e6f25b6def752e1c8b61e61876046e30d8638 | $0.50/hour
2026-07-31 22:24:32 INFO    NVDA-USDG: source book bid=196.74 ask=196.83
2026-07-31 22:24:32 INFO    NVDA-USDG: bookId=55 bidTip=19674 (50 units) askTip=19683 (50 units)
2026-07-31 22:24:35 INFO    updateBooks sent (attempt 1/5): 4018d1fafa7b50edfb5073fbbaf8711a216920d00e27955611536d8a8aa977e8 maxFee=0.041 gwei
2026-07-31 22:24:35 INFO    updateBooks confirmed in block 24174914 (gas used 38247): 0x4018d1fafa7b50edfb5073fbbaf8711a216920d00e27955611536d8a8aa977e8 | $0.50/hour
2026-07-31 22:24:42 INFO    NVDA-USDG: source book bid=196.76 ask=196.9
2026-07-31 22:24:42 INFO    NVDA-USDG: bookId=56 bidTip=19676 (50 units) askTip=19690 (50 units)
2026-07-31 22:24:45 INFO    updateBooks sent (attempt 1/5): 871dd4b0486f131ef186107990efa50def7b693d38de530f6ab321619f039efc maxFee=0.041 gwei
2026-07-31 22:24:45 INFO    updateBooks confirmed in block 24175013 (gas used 38247): 0x871dd4b0486f131ef186107990efa50def7b693d38de530f6ab321619f039efc | $0.50/hour
2026-07-31 22:24:52 INFO    NVDA-USDG: source book bid=196.8 ask=196.9
2026-07-31 22:24:52 INFO    NVDA-USDG: bookId=57 bidTip=19680 (50 units) askTip=19690 (50 units)
2026-07-31 22:24:55 INFO    updateBooks sent (attempt 1/5): 74878e5585a0f7f67943aba5599b0aa695a240d2b7e7cf687a4417c447631d28 maxFee=0.041 gwei
2026-07-31 22:24:55 INFO    updateBooks confirmed in block 24175113 (gas used 38247): 0x74878e5585a0f7f67943aba5599b0aa695a240d2b7e7cf687a4417c447631d28 | $0.50/hour
2026-07-31 22:25:02 INFO    NVDA-USDG: source book bid=196.8 ask=196.9
2026-07-31 22:25:02 INFO    NVDA-USDG: price unchanged and fresh (age 10s), skipping
2026-07-31 22:25:12 INFO    NVDA-USDG: source book bid=196.85 ask=196.99
2026-07-31 22:25:12 INFO    NVDA-USDG: bookId=58 bidTip=19685 (50 units) askTip=19699 (50 units)
2026-07-31 22:25:15 INFO    updateBooks sent (attempt 1/5): 952b523ed7ea2e33a17b8cd7044392e6461a401ad648528b9c67d18e26916f61 maxFee=0.041 gwei
2026-07-31 22:25:15 INFO    updateBooks confirmed in block 24175310 (gas used 38247): 0x952b523ed7ea2e33a17b8cd7044392e6461a401ad648528b9c67d18e26916f61 | $0.49/hour
2026-07-31 22:25:22 INFO    NVDA-USDG: source book bid=196.85 ask=196.94
2026-07-31 22:25:22 INFO    NVDA-USDG: bookId=59 bidTip=19685 (50 units) askTip=19694 (50 units)
2026-07-31 22:25:25 INFO    updateBooks sent (attempt 1/5): bc6cf573db8e52d49e9d503887ebf0b28a14e5f0a432f456054e74c255812b7d maxFee=0.042 gwei
2026-07-31 22:25:25 INFO    updateBooks confirmed in block 24175410 (gas used 38247): 0xbc6cf573db8e52d49e9d503887ebf0b28a14e5f0a432f456054e74c255812b7d | $0.49/hour
2026-07-31 22:25:32 INFO    NVDA-USDG: source book bid=196.85 ask=196.99
2026-07-31 22:25:32 INFO    NVDA-USDG: bookId=60 bidTip=19685 (50 units) askTip=19699 (50 units)
2026-07-31 22:25:35 INFO    updateBooks sent (attempt 1/5): f79575cbb2e05d5e18b93596dfe4d0202e6f99f77e6ed6df5b24ec89cc02ce15 maxFee=0.042 gwei
2026-07-31 22:25:35 INFO    updateBooks confirmed in block 24175508 (gas used 38247): 0xf79575cbb2e05d5e18b93596dfe4d0202e6f99f77e6ed6df5b24ec89cc02ce15 | $0.49/hour
2026-07-31 22:25:42 INFO    NVDA-USDG: source book bid=196.92 ask=196.99
2026-07-31 22:25:42 INFO    NVDA-USDG: bookId=61 bidTip=19692 (50 units) askTip=19699 (50 units)
2026-07-31 22:25:45 INFO    updateBooks sent (attempt 1/5): 971bdd647c90bccff5c8654242644cf1a12f86c841b3129eb3d1b77c025e4c9b maxFee=0.042 gwei
2026-07-31 22:25:45 INFO    updateBooks confirmed in block 24175610 (gas used 38247): 0x971bdd647c90bccff5c8654242644cf1a12f86c841b3129eb3d1b77c025e4c9b | $0.50/hour
2026-07-31 22:25:52 INFO    NVDA-USDG: source book bid=196.87 ask=196.97
2026-07-31 22:25:52 INFO    NVDA-USDG: bookId=62 bidTip=19687 (50 units) askTip=19697 (50 units)
2026-07-31 22:25:55 INFO    updateBooks sent (attempt 1/5): ff4f9c85970b352cc9be1dde18e1ce25c3a12d1fb03aee1811968c236821e3a1 maxFee=0.042 gwei
2026-07-31 22:25:55 INFO    updateBooks confirmed in block 24175710 (gas used 38247): 0xff4f9c85970b352cc9be1dde18e1ce25c3a12d1fb03aee1811968c236821e3a1 | $0.50/hour
2026-07-31 22:26:02 INFO    NVDA-USDG: source book bid=196.85 ask=196.94
2026-07-31 22:26:02 INFO    NVDA-USDG: bookId=63 bidTip=19685 (50 units) askTip=19694 (50 units)
2026-07-31 22:26:05 INFO    updateBooks sent (attempt 1/5): efe9dc8157c210ef4b9947f3ede058d725313336020cf39e3c38804540230c25 maxFee=0.042 gwei
2026-07-31 22:26:05 INFO    updateBooks confirmed in block 24175808 (gas used 38247): 0xefe9dc8157c210ef4b9947f3ede058d725313336020cf39e3c38804540230c25 | $0.50/hour
2026-07-31 22:26:12 INFO    NVDA-USDG: source book bid=196.94 ask=196.97
2026-07-31 22:26:12 INFO    NVDA-USDG: bookId=64 bidTip=19694 (50 units) askTip=19697 (50 units)
2026-07-31 22:26:15 INFO    updateBooks sent (attempt 1/5): e7fabd4a2dd0ba54d24a042b0f9945c66321adea1ae2baef9d637c75ddaee1ee maxFee=0.041 gwei
2026-07-31 22:26:15 INFO    updateBooks confirmed in block 24175918 (gas used 38247): 0xe7fabd4a2dd0ba54d24a042b0f9945c66321adea1ae2baef9d637c75ddaee1ee | $0.50/hour
2026-07-31 22:26:22 INFO    NVDA-USDG: source book bid=196.94 ask=196.97
2026-07-31 22:26:22 INFO    NVDA-USDG: price unchanged and fresh (age 10s), skipping
2026-07-31 22:26:32 INFO    NVDA-USDG: source book bid=196.94 ask=196.97
2026-07-31 22:26:32 INFO    NVDA-USDG: price unchanged and fresh (age 20s), skipping
2026-07-31 22:26:42 INFO    NVDA-USDG: source book bid=196.94 ask=196.99
2026-07-31 22:26:42 INFO    NVDA-USDG: bookId=65 bidTip=19694 (50 units) askTip=19699 (50 units)
2026-07-31 22:26:45 INFO    updateBooks sent (attempt 1/5): 1ae88b0ace437650fed3adebabd691ba9495e50d50ddf23a13a826be7f6ca71f maxFee=0.041 gwei
2026-07-31 22:26:45 INFO    updateBooks confirmed in block 24176216 (gas used 38247): 0x1ae88b0ace437650fed3adebabd691ba9495e50d50ddf23a13a826be7f6ca71f | $0.48/hour
2026-07-31 22:26:52 INFO    NVDA-USDG: source book bid=196.94 ask=196.99
2026-07-31 22:26:52 INFO    NVDA-USDG: price unchanged and fresh (age 10s), skipping
2026-07-31 22:27:02 INFO    NVDA-USDG: source book bid=196.94 ask=196.99
2026-07-31 22:27:02 INFO    NVDA-USDG: price unchanged and fresh (age 20s), skipping
2026-07-31 22:27:12 INFO    NVDA-USDG: source book bid=196.94 ask=196.99
2026-07-31 22:27:12 INFO    NVDA-USDG: price unchanged and fresh (age 30s), skipping
2026-07-31 22:27:22 INFO    NVDA-USDG: source book bid=196.94 ask=196.99
2026-07-31 22:27:22 INFO    NVDA-USDG: price unchanged and fresh (age 40s), skipping
2026-07-31 22:27:32 INFO    NVDA-USDG: source book bid=196.94 ask=196.96
2026-07-31 22:27:32 INFO    NVDA-USDG: bookId=66 bidTip=19694 (50 units) askTip=19696 (50 units)
2026-07-31 22:27:35 INFO    updateBooks sent (attempt 1/5): 0243bb8ce8fccf43c28a6878d80f26a360199169390a26eddbb67e4eb216b6b3 maxFee=0.042 gwei
2026-07-31 22:27:35 INFO    updateBooks confirmed in block 24176714 (gas used 38247): 0x0243bb8ce8fccf43c28a6878d80f26a360199169390a26eddbb67e4eb216b6b3 | $0.45/hour
2026-07-31 22:27:42 INFO    NVDA-USDG: source book bid=196.94 ask=196.97
2026-07-31 22:27:42 INFO    NVDA-USDG: bookId=67 bidTip=19694 (50 units) askTip=19697 (50 units)
2026-07-31 22:27:45 INFO    updateBooks sent (attempt 1/5): de2f6b1430cd6b35d5b8e8b19d99bc5d01c82418231cf0e055529ce9a451c16d maxFee=0.041 gwei
2026-07-31 22:27:45 INFO    updateBooks confirmed in block 24176814 (gas used 38247): 0xde2f6b1430cd6b35d5b8e8b19d99bc5d01c82418231cf0e055529ce9a451c16d | $0.46/hour
2026-07-31 22:27:52 INFO    NVDA-USDG: source book bid=196.95 ask=196.97
2026-07-31 22:27:52 INFO    NVDA-USDG: bookId=68 bidTip=19695 (50 units) askTip=19697 (50 units)
2026-07-31 22:27:55 INFO    updateBooks sent (attempt 1/5): 09e4b9a95d9ce26315446e08d036c6fde28dc6b0d5a9810e66d0e442655d4999 maxFee=0.041 gwei
2026-07-31 22:27:55 INFO    updateBooks confirmed in block 24176913 (gas used 38247): 0x09e4b9a95d9ce26315446e08d036c6fde28dc6b0d5a9810e66d0e442655d4999 | $0.46/hour
2026-07-31 22:28:02 INFO    NVDA-USDG: source book bid=196.94 ask=196.97
2026-07-31 22:28:02 INFO    NVDA-USDG: bookId=69 bidTip=19694 (50 units) askTip=19697 (50 units)
2026-07-31 22:28:05 INFO    updateBooks sent (attempt 1/5): 3b137b0a038d90f59a897af9907bd02251f50e95ea0d183d066e14c0358beb3c maxFee=0.041 gwei
2026-07-31 22:28:05 INFO    updateBooks confirmed in block 24177012 (gas used 38247): 0x3b137b0a038d90f59a897af9907bd02251f50e95ea0d183d066e14c0358beb3c | $0.46/hour
2026-07-31 22:28:06 INFO    Interrupted, shutting down
2026-07-31 22:28:12 INFO    Starting updater on robin (chainId 4663): hook=0xE06495094a44987833219A48B175C5c30D426088 updater=0x6f51c775547Dd7E1F1612e461754d3f24483684F balance=0.349946 ETH pairs=NVDA-USDG
2026-07-31 22:28:14 INFO    NVDA-USDG ready: poolId=0xc16369d31e57f6712533aeacdc99eb911818100e5e677242a6ad4a847c0e01ce tickWidth=10000000000 baseLiqUnit=100000000000000000 feePerSecond=100 base_is_c0=False decimals=18/6 askUnits=50 bookId=69 source=alpaca
2026-07-31 22:28:16 INFO    NVDA-USDG: source book bid=196.95 ask=197
2026-07-31 22:28:16 INFO    NVDA-USDG: bookId=70 bidTip=19695 (50 units) askTip=19700 (50 units)
2026-07-31 22:28:19 INFO    updateBooks sent (attempt 1/5): fecb46f909a68c7c060a09d3efd3730844b2249655390eaec02b8bf744399eda maxFee=0.041 gwei
2026-07-31 22:28:19 INFO    updateBooks confirmed in block 24177153 (gas used 38247): 0xfecb46f909a68c7c060a09d3efd3730844b2249655390eaec02b8bf744399eda | $0.57/hour
2026-07-31 22:28:26 INFO    NVDA-USDG: source book bid=196.95 ask=197
2026-07-31 22:28:26 INFO    NVDA-USDG: price unchanged and fresh (age 10s), skipping
2026-07-31 22:28:36 INFO    NVDA-USDG: source book bid=196.95 ask=197
2026-07-31 22:28:36 INFO    NVDA-USDG: price unchanged and fresh (age 20s), skipping
2026-07-31 22:28:46 INFO    NVDA-USDG: source book bid=196.95 ask=197
2026-07-31 22:28:46 INFO    NVDA-USDG: price unchanged and fresh (age 30s), skipping
2026-07-31 22:28:56 INFO    NVDA-USDG: source book bid=196.95 ask=197
2026-07-31 22:28:56 INFO    NVDA-USDG: price unchanged and fresh (age 40s), skipping
2026-07-31 22:29:06 INFO    NVDA-USDG: source book bid=196.95 ask=197
2026-07-31 22:29:06 INFO    NVDA-USDG: price unchanged and fresh (age 50s), skipping
2026-07-31 22:29:16 INFO    NVDA-USDG: source book bid=196.95 ask=197
2026-07-31 22:29:16 INFO    NVDA-USDG: bookId=71 bidTip=19695 (50 units) askTip=19700 (50 units)
2026-07-31 22:29:18 INFO    updateBooks sent (attempt 1/5): 13f981fdcde741c9d96b8983c927567ed1b77690e3f88761d34e892d74434205 maxFee=0.041 gwei
2026-07-31 22:29:19 INFO    updateBooks confirmed in block 24177744 (gas used 38247): 0x13f981fdcde741c9d96b8983c927567ed1b77690e3f88761d34e892d74434205 | $0.16/hour
2026-07-31 22:29:26 INFO    NVDA-USDG: source book bid=196.95 ask=197
2026-07-31 22:29:26 INFO    NVDA-USDG: price unchanged and fresh (age 10s), skipping
2026-07-31 22:29:36 INFO    NVDA-USDG: source book bid=196.95 ask=197
2026-07-31 22:29:36 INFO    NVDA-USDG: price unchanged and fresh (age 20s), skipping
2026-07-31 22:29:46 INFO    NVDA-USDG: source book bid=196.95 ask=196.99
2026-07-31 22:29:46 INFO    NVDA-USDG: bookId=72 bidTip=19695 (50 units) askTip=19699 (50 units)
2026-07-31 22:29:48 INFO    updateBooks sent (attempt 1/5): 1860795824c5f0c899e406fe0e10cb6a063cea6ce6d338b7fe9e10194da7319c maxFee=0.041 gwei
2026-07-31 22:29:48 INFO    updateBooks confirmed in block 24178041 (gas used 38247): 0x1860795824c5f0c899e406fe0e10cb6a063cea6ce6d338b7fe9e10194da7319c | $0.17/hour
2026-07-31 22:29:56 INFO    NVDA-USDG: source book bid=196.95 ask=196.99
2026-07-31 22:29:56 INFO    NVDA-USDG: price unchanged and fresh (age 10s), skipping
2026-07-31 22:30:06 INFO    NVDA-USDG: source book bid=196.94 ask=196.98
2026-07-31 22:30:06 INFO    NVDA-USDG: bookId=73 bidTip=19694 (50 units) askTip=19698 (50 units)
2026-07-31 22:30:08 INFO    updateBooks sent (attempt 1/5): 4a3820db54503a739154fa5e8ec59c59b36374c31b4b38ad1d66515b413237cc maxFee=0.041 gwei
2026-07-31 22:30:09 INFO    updateBooks confirmed in block 24178242 (gas used 38247): 0x4a3820db54503a739154fa5e8ec59c59b36374c31b4b38ad1d66515b413237cc | $0.19/hour
2026-07-31 22:30:16 INFO    NVDA-USDG: source book bid=196.94 ask=197
2026-07-31 22:30:16 INFO    NVDA-USDG: bookId=74 bidTip=19694 (50 units) askTip=19700 (50 units)
2026-07-31 22:30:18 INFO    updateBooks sent (attempt 1/5): 23e371179d46f1b7e94e14834758e2ef655b435ed074d0da754cda87331b994e maxFee=0.041 gwei
2026-07-31 22:30:19 INFO    updateBooks confirmed in block 24178341 (gas used 38247): 0x23e371179d46f1b7e94e14834758e2ef655b435ed074d0da754cda87331b994e | $0.21/hour
2026-07-31 22:30:26 INFO    NVDA-USDG: source book bid=196.94 ask=197
2026-07-31 22:30:26 INFO    NVDA-USDG: price unchanged and fresh (age 10s), skipping
2026-07-31 22:30:36 INFO    NVDA-USDG: source book bid=196.94 ask=197
2026-07-31 22:30:36 INFO    NVDA-USDG: price unchanged and fresh (age 20s), skipping
2026-07-31 22:30:46 INFO    NVDA-USDG: source book bid=196.94 ask=197.06
2026-07-31 22:30:46 INFO    NVDA-USDG: bookId=75 bidTip=19694 (50 units) askTip=19706 (50 units)
2026-07-31 22:30:48 INFO    updateBooks sent (attempt 1/5): 935f33daca09b9350bf6100626f2815f4882fb9033d945593eba22938a889866 maxFee=0.041 gwei
2026-07-31 22:30:49 INFO    updateBooks confirmed in block 24178640 (gas used 38247): 0x935f33daca09b9350bf6100626f2815f4882fb9033d945593eba22938a889866 | $0.21/hour
2026-07-31 22:30:56 INFO    NVDA-USDG: source book bid=196.94 ask=197
2026-07-31 22:30:56 INFO    NVDA-USDG: bookId=76 bidTip=19694 (50 units) askTip=19700 (50 units)
2026-07-31 22:30:59 INFO    updateBooks sent (attempt 1/5): 00b68bd0cd2ed38fae201b7f9083400f30cbedd0a8d724dd5d3203b4fd260367 maxFee=0.041 gwei
2026-07-31 22:30:59 INFO    updateBooks confirmed in block 24178741 (gas used 38247): 0x00b68bd0cd2ed38fae201b7f9083400f30cbedd0a8d724dd5d3203b4fd260367 | $0.23/hour
2026-07-31 22:31:06 INFO    NVDA-USDG: source book bid=196.99 ask=197.06
2026-07-31 22:31:06 INFO    NVDA-USDG: bookId=77 bidTip=19699 (50 units) askTip=19706 (50 units)
2026-07-31 22:31:08 INFO    updateBooks sent (attempt 1/5): 699b71f5d746992a4f861859321d47cbd0cd3cc9b2a04c3d0b455e133d7b8147 maxFee=0.041 gwei
2026-07-31 22:31:09 INFO    updateBooks confirmed in block 24178839 (gas used 38247): 0x699b71f5d746992a4f861859321d47cbd0cd3cc9b2a04c3d0b455e133d7b8147 | $0.25/hour
2026-07-31 22:31:16 INFO    NVDA-USDG: source book bid=196.94 ask=196.99
2026-07-31 22:31:16 INFO    NVDA-USDG: bookId=78 bidTip=19694 (50 units) askTip=19699 (50 units)
2026-07-31 22:31:19 INFO    updateBooks sent (attempt 1/5): b68a83d36e637ff29b13ccd8f93c73dda03a5b8d6af8fd7feef4afcdb300ef45 maxFee=0.041 gwei
2026-07-31 22:31:19 INFO    updateBooks confirmed in block 24178939 (gas used 38247): 0xb68a83d36e637ff29b13ccd8f93c73dda03a5b8d6af8fd7feef4afcdb300ef45 | $0.26/hour
2026-07-31 22:31:26 INFO    NVDA-USDG: source book bid=196.94 ask=196.99
2026-07-31 22:31:26 INFO    NVDA-USDG: price unchanged and fresh (age 10s), skipping
2026-07-31 22:31:29 INFO    Starting updater on robin (chainId 4663): hook=0xE06495094a44987833219A48B175C5c30D426088 updater=0x6f51c775547Dd7E1F1612e461754d3f24483684F balance=0.349939 ETH pairs=NVDA-USDG
2026-07-31 22:31:31 INFO    NVDA-USDG ready: poolId=0xc16369d31e57f6712533aeacdc99eb911818100e5e677242a6ad4a847c0e01ce tickWidth=10000000000 baseLiqUnit=100000000000000000 feePerSecond=100 base_is_c0=False decimals=18/6 askUnits=50 bookId=78 source=alpaca
2026-07-31 22:31:32 INFO    NVDA-USDG: source book bid=196.98 ask=197.1
2026-07-31 22:31:32 INFO    NVDA-USDG: bookId=79 bidTip=19678 (50 units) askTip=19730 (50 units)
2026-07-31 22:31:35 INFO    updateBooks sent (attempt 1/5): 21f26f0bed80e9a5d667c675a4ee94c211bb4e0d90a1646f500646f9843968ae maxFee=0.041 gwei
2026-07-31 22:31:36 INFO    updateBooks confirmed in block 24179105 (gas used 38247): 0x21f26f0bed80e9a5d667c675a4ee94c211bb4e0d90a1646f500646f9843968ae | $0.57/hour
2026-07-31 22:31:36 INFO    NVDA-USDG: source book bid=196.98 ask=197.1
2026-07-31 22:31:36 INFO    NVDA-USDG: bookId=79 bidTip=19698 (50 units) askTip=19710 (50 units)
2026-07-31 22:31:37 ERROR   update loop error: ('0x22f48f9b', '0x22f48f9b')
Traceback (most recent call last):
  File "/home/main/structured-products/hyfi-exchange/./script/python/update_books_single_tick.py", line 391, in run_loop
    update = build_pair_update(pair, now_ts)
  File "/home/main/structured-products/hyfi-exchange/./script/python/update_books_single_tick.py", line 327, in send_update_books
    After tx_cfg['timeout_s'] without a receipt, both fees are multiplied by
              ^^^^^^^^^^^^^^^^^^^^^^^^^^^^^^^^^^^^^^^^^^
  File "/home/main/structured-products/hyfi-exchange/venv/lib/python3.12/site-packages/web3/contract/contract.py", line 330, in estimate_gas
    return estimate_gas_for_function(
           ^^^^^^^^^^^^^^^^^^^^^^^^^^
  File "/home/main/structured-products/hyfi-exchange/venv/lib/python3.12/site-packages/web3/contract/utils.py", line 298, in estimate_gas_for_function
    return w3.eth.estimate_gas(estimate_transaction, block_identifier, state_override)
           ^^^^^^^^^^^^^^^^^^^^^^^^^^^^^^^^^^^^^^^^^^^^^^^^^^^^^^^^^^^^^^^^^^^^^^^^^^^
  File "/home/main/structured-products/hyfi-exchange/venv/lib/python3.12/site-packages/web3/eth/eth.py", line 319, in estimate_gas
    return self._estimate_gas(transaction, block_identifier, state_override)
           ^^^^^^^^^^^^^^^^^^^^^^^^^^^^^^^^^^^^^^^^^^^^^^^^^^^^^^^^^^^^^^^^^
  File "/home/main/structured-products/hyfi-exchange/venv/lib/python3.12/site-packages/web3/module.py", line 112, in caller
    result = w3.manager.request_blocking(
             ^^^^^^^^^^^^^^^^^^^^^^^^^^^^
  File "/home/main/structured-products/hyfi-exchange/venv/lib/python3.12/site-packages/web3/manager.py", line 233, in request_blocking
    return self.formatted_response(
           ^^^^^^^^^^^^^^^^^^^^^^^^
  File "/home/main/structured-products/hyfi-exchange/venv/lib/python3.12/site-packages/web3/manager.py", line 199, in formatted_response
    validate_rpc_response_and_raise_if_error(
  File "/home/main/structured-products/hyfi-exchange/venv/lib/python3.12/site-packages/web3/_utils/validation.py", line 397, in validate_rpc_response_and_raise_if_error
    response = apply_error_formatters(error_formatters, response)
               ^^^^^^^^^^^^^^^^^^^^^^^^^^^^^^^^^^^^^^^^^^^^^^^^^^
  File "/home/main/structured-products/hyfi-exchange/venv/lib/python3.12/site-packages/web3/_utils/formatters.py", line 146, in apply_error_formatters
    formatted_resp = pipe(response, error_formatters)
                     ^^^^^^^^^^^^^^^^^^^^^^^^^^^^^^^^
  File "cytoolz/functoolz.pyx", line 706, in cytoolz.functoolz.pipe
  File "cytoolz/functoolz.pyx", line 681, in cytoolz.functoolz.c_pipe
  File "/home/main/structured-products/hyfi-exchange/venv/lib/python3.12/site-packages/web3/_utils/error_formatters_utils.py", line 161, in raise_contract_logic_error_on_revert
    _raise_contract_error(data)
  File "/home/main/structured-products/hyfi-exchange/venv/lib/python3.12/site-packages/web3/_utils/error_formatters_utils.py", line 133, in _raise_contract_error
    raise ContractCustomError(response_error_data, data=response_error_data)
web3.exceptions.ContractCustomError: ('0x22f48f9b', '0x22f48f9b')
2026-07-31 22:31:45 INFO    NVDA-USDG: source book bid=196.99 ask=197.1
2026-07-31 22:31:45 INFO    NVDA-USDG: bookId=80 bidTip=19699 (50 units) askTip=19710 (50 units)
2026-07-31 22:31:48 INFO    updateBooks sent (attempt 1/5): b50149fb28d23da801b6f4455ca6271fde8b4563861eeb4a0076d3e3a3f39570 maxFee=0.041 gwei
2026-07-31 22:31:48 INFO    updateBooks confirmed in block 24179232 (gas used 38247): 0xb50149fb28d23da801b6f4455ca6271fde8b4563861eeb4a0076d3e3a3f39570 | $0.25/hour
2026-07-31 22:31:56 INFO    NVDA-USDG: source book bid=196.94 ask=197.1
2026-07-31 22:31:56 INFO    NVDA-USDG: bookId=81 bidTip=19694 (50 units) askTip=19710 (50 units)
2026-07-31 22:31:59 INFO    updateBooks sent (attempt 1/5): a28326b63fda66210c993aae22c2c08726de9d6bcf27cbbe9f53fea4fa6234d7 maxFee=0.041 gwei
2026-07-31 22:31:59 INFO    updateBooks confirmed in block 24179337 (gas used 38247): 0xa28326b63fda66210c993aae22c2c08726de9d6bcf27cbbe9f53fea4fa6234d7 | $0.27/hour
2026-07-31 22:32:06 INFO    NVDA-USDG: source book bid=196.94 ask=196.97
2026-07-31 22:32:06 INFO    NVDA-USDG: bookId=82 bidTip=19694 (50 units) askTip=19697 (50 units)
2026-07-31 22:32:08 INFO    updateBooks sent (attempt 1/5): 946429d76b78aae86fef8c9476421c2d751df0a88b00090e5ccffd0ae16563ff maxFee=0.041 gwei
2026-07-31 22:32:09 INFO    updateBooks confirmed in block 24179434 (gas used 38247): 0x946429d76b78aae86fef8c9476421c2d751df0a88b00090e5ccffd0ae16563ff | $0.28/hour
2026-07-31 22:32:16 INFO    NVDA-USDG: source book bid=196.94 ask=196.97
2026-07-31 22:32:16 INFO    NVDA-USDG: price unchanged and fresh (age 10s), skipping
2026-07-31 22:32:26 INFO    NVDA-USDG: source book bid=196.94 ask=196.97
2026-07-31 22:32:26 INFO    NVDA-USDG: price unchanged and fresh (age 20s), skipping
2026-07-31 22:32:36 INFO    NVDA-USDG: source book bid=196.94 ask=196.97
2026-07-31 22:32:36 INFO    NVDA-USDG: price unchanged and fresh (age 30s), skipping
2026-07-31 22:32:46 INFO    NVDA-USDG: source book bid=196.94 ask=196.97
2026-07-31 22:32:46 INFO    NVDA-USDG: price unchanged and fresh (age 40s), skipping
2026-07-31 22:32:56 INFO    NVDA-USDG: source book bid=196.94 ask=196.97
2026-07-31 22:32:56 INFO    NVDA-USDG: price unchanged and fresh (age 50s), skipping
2026-07-31 22:33:06 INFO    NVDA-USDG: source book bid=196.94 ask=197
2026-07-31 22:33:06 INFO    NVDA-USDG: bookId=83 bidTip=19694 (50 units) askTip=19700 (50 units)
2026-07-31 22:33:08 INFO    updateBooks sent (attempt 1/5): e510a3876ff1e2493056b604ca74552819928c26a841f6ddf234c25d00a5b85f maxFee=0.041 gwei
2026-07-31 22:33:09 INFO    updateBooks confirmed in block 24180041 (gas used 38235): 0xe510a3876ff1e2493056b604ca74552819928c26a841f6ddf234c25d00a5b85f | $0.24/hour
2026-07-31 22:33:16 INFO    NVDA-USDG: source book bid=196.94 ask=197
2026-07-31 22:33:16 INFO    NVDA-USDG: price unchanged and fresh (age 10s), skipping
2026-07-31 22:33:26 INFO    NVDA-USDG: source book bid=196.94 ask=197
2026-07-31 22:33:26 INFO    NVDA-USDG: price unchanged and fresh (age 20s), skipping
2026-07-31 22:33:36 INFO    NVDA-USDG: source book bid=196.72 ask=196.87
2026-07-31 22:33:36 INFO    NVDA-USDG: bookId=84 bidTip=19672 (50 units) askTip=19687 (50 units)
2026-07-31 22:33:38 INFO    updateBooks sent (attempt 1/5): a7988a64766095b678f964ed9e9b7df7aa5f2077374f17b70e9d64edfaa573fd maxFee=0.041 gwei
2026-07-31 22:33:39 INFO    updateBooks confirmed in block 24180340 (gas used 38247): 0xa7988a64766095b678f964ed9e9b7df7aa5f2077374f17b70e9d64edfaa573fd | $0.24/hour
2026-07-31 22:33:46 INFO    NVDA-USDG: source book bid=196.6 ask=196.76
2026-07-31 22:33:46 INFO    NVDA-USDG: bookId=85 bidTip=19660 (50 units) askTip=19676 (50 units)
2026-07-31 22:33:48 INFO    updateBooks sent (attempt 1/5): a5d20fd3043e4c5e014214e8c5f72eaf1d2c563c8f657c13514b75d4d40bfc0e maxFee=0.041 gwei
2026-07-31 22:33:49 INFO    updateBooks confirmed in block 24180440 (gas used 38247): 0xa5d20fd3043e4c5e014214e8c5f72eaf1d2c563c8f657c13514b75d4d40bfc0e | $0.24/hour
2026-07-31 22:33:56 INFO    NVDA-USDG: source book bid=196.66 ask=196.79
2026-07-31 22:33:56 INFO    NVDA-USDG: bookId=86 bidTip=19666 (50 units) askTip=19679 (50 units)
2026-07-31 22:33:58 INFO    updateBooks sent (attempt 1/5): 491ed92151273e324db8700b6671dcdaaa6f1018867a6702b138089c42469c7a maxFee=0.041 gwei
2026-07-31 22:33:59 INFO    updateBooks confirmed in block 24180540 (gas used 38247): 0x491ed92151273e324db8700b6671dcdaaa6f1018867a6702b138089c42469c7a | $0.25/hour
2026-07-31 22:34:06 INFO    NVDA-USDG: source book bid=196.66 ask=196.8
2026-07-31 22:34:06 INFO    NVDA-USDG: bookId=87 bidTip=19666 (50 units) askTip=19680 (50 units)
2026-07-31 22:34:08 INFO    updateBooks sent (attempt 1/5): 9a2f2d05dd88e4c99d4070070845d3148396dfe21f7bef222eda0884a19852f8 maxFee=0.041 gwei
2026-07-31 22:34:08 INFO    updateBooks confirmed in block 24180637 (gas used 38247): 0x9a2f2d05dd88e4c99d4070070845d3148396dfe21f7bef222eda0884a19852f8 | $0.26/hour
2026-07-31 22:34:16 INFO    NVDA-USDG: source book bid=196.66 ask=196.8
2026-07-31 22:34:16 INFO    NVDA-USDG: price unchanged and fresh (age 10s), skipping
2026-07-31 22:34:26 INFO    NVDA-USDG: source book bid=196.7 ask=196.8
2026-07-31 22:34:26 INFO    NVDA-USDG: bookId=88 bidTip=19670 (50 units) askTip=19680 (50 units)
2026-07-31 22:34:29 INFO    updateBooks sent (attempt 1/5): c136247c58214b37d70d0ad84c9b16c0b295621cd847f1a6ec9dad206e72a131 maxFee=0.041 gwei
2026-07-31 22:34:29 INFO    updateBooks confirmed in block 24180840 (gas used 38247): 0xc136247c58214b37d70d0ad84c9b16c0b295621cd847f1a6ec9dad206e72a131 | $0.26/hour
2026-07-31 22:34:36 INFO    NVDA-USDG: source book bid=196.7 ask=196.8
2026-07-31 22:34:36 INFO    NVDA-USDG: price unchanged and fresh (age 10s), skipping
2026-07-31 22:34:46 INFO    NVDA-USDG: source book bid=196.7 ask=196.79
2026-07-31 22:34:46 INFO    NVDA-USDG: bookId=89 bidTip=19670 (50 units) askTip=19679 (50 units)
2026-07-31 22:34:48 INFO    updateBooks sent (attempt 1/5): 2b151a625b3c1af8c94741250e0aaded889cc01694b32fc7f91e04b0007dfda6 maxFee=0.041 gwei
2026-07-31 22:34:49 INFO    updateBooks confirmed in block 24181038 (gas used 38247): 0x2b151a625b3c1af8c94741250e0aaded889cc01694b32fc7f91e04b0007dfda6 | $0.26/hour
2026-07-31 22:34:50 INFO    Interrupted, shutting down
2026-07-31 22:34:54 INFO    Starting updater on robin (chainId 4663): hook=0xE06495094a44987833219A48B175C5c30D426088 updater=0x6f51c775547Dd7E1F1612e461754d3f24483684F balance=0.349931 ETH pairs=NVDA-USDG
2026-07-31 22:34:56 INFO    NVDA-USDG ready: poolId=0xc16369d31e57f6712533aeacdc99eb911818100e5e677242a6ad4a847c0e01ce tickWidth=10000000000 baseLiqUnit=100000000000000000 feePerSecond=100 base_is_c0=False decimals=18/6 askUnits=50 bookId=89 source=alpaca
2026-07-31 22:34:58 INFO    NVDA-USDG: source book bid=196.7 ask=196.79
2026-07-31 22:34:58 INFO    NVDA-USDG: bookId=90 bidTip=19650 (50 units) askTip=19699 (50 units)
2026-07-31 22:35:00 INFO    updateBooks sent (attempt 1/5): 9869978dbc6e095b91e7f5963f15d636c5e8c30fcf6ad2bb3d1b622495c02075 maxFee=0.041 gwei
2026-07-31 22:35:01 INFO    updateBooks confirmed in block 24181156 (gas used 38247): 0x9869978dbc6e095b91e7f5963f15d636c5e8c30fcf6ad2bb3d1b622495c02075 | $0.61/hour
2026-07-31 22:35:08 INFO    NVDA-USDG: source book bid=196.77 ask=197
2026-07-31 22:35:08 INFO    NVDA-USDG: bookId=91 bidTip=19657 (50 units) askTip=19720 (50 units)
2026-07-31 22:35:10 INFO    updateBooks sent (attempt 1/5): a311aab42e6e369a208f3b6c79c527ba1876fd6c98170b0d2273895f97790d01 maxFee=0.041 gwei
2026-07-31 22:35:11 INFO    updateBooks confirmed in block 24181256 (gas used 38247): 0xa311aab42e6e369a208f3b6c79c527ba1876fd6c98170b0d2273895f97790d01 | $0.58/hour
2026-07-31 22:35:15 INFO    Starting updater on robin (chainId 4663): hook=0xE06495094a44987833219A48B175C5c30D426088 updater=0x6f51c775547Dd7E1F1612e461754d3f24483684F balance=0.349929 ETH pairs=NVDA-USDG
2026-07-31 22:35:17 INFO    NVDA-USDG ready: poolId=0xc16369d31e57f6712533aeacdc99eb911818100e5e677242a6ad4a847c0e01ce tickWidth=10000000000 baseLiqUnit=100000000000000000 feePerSecond=100 base_is_c0=False decimals=18/6 askUnits=50 bookId=91 source=alpaca
2026-07-31 22:35:18 INFO    NVDA-USDG: source book bid=196.77 ask=196.99
2026-07-31 22:35:18 INFO    NVDA-USDG: bookId=92 bidTip=19657 (50 units) askTip=19719 (50 units)
2026-07-31 22:35:19 INFO    NVDA-USDG: source book bid=196.77 ask=196.99
2026-07-31 22:35:19 INFO    NVDA-USDG: bookId=92 bidTip=19657 (50 units) askTip=19719 (50 units)
2026-07-31 22:35:20 INFO    updateBooks sent (attempt 1/5): 805f14c2bd91bc9803911a668a386008dd828697bc2fb03b850fd30e0c61de73 maxFee=0.041 gwei
2026-07-31 22:35:21 INFO    updateBooks confirmed in block 24181353 (gas used 38247): 0x805f14c2bd91bc9803911a668a386008dd828697bc2fb03b850fd30e0c61de73 | $0.58/hour
2026-07-31 22:35:22 ERROR   update loop error: {'code': -32000, 'message': 'nonce too low: address 0x6f51c775547Dd7E1F1612e461754d3f24483684F, tx: 91 state: 92'}
Traceback (most recent call last):
  File "/home/main/structured-products/hyfi-exchange/script/python/update_books_single_tick.py", line 397, in run_loop
    send_update_books(w3, hyfi, account, chain_cfg['tx'], [u for _, u in included], now_ts)
  File "/home/main/structured-products/hyfi-exchange/script/python/update_books_single_tick.py", line 355, in send_update_books
    tx_hash = w3.eth.send_raw_transaction(account.sign_transaction(tx).raw_transaction)
              ^^^^^^^^^^^^^^^^^^^^^^^^^^^^^^^^^^^^^^^^^^^^^^^^^^^^^^^^^^^^^^^^^^^^^^^^^
  File "/home/main/structured-products/hyfi-exchange/venv/lib/python3.12/site-packages/web3/eth/eth.py", line 399, in send_raw_transaction
    return self._send_raw_transaction(transaction)
           ^^^^^^^^^^^^^^^^^^^^^^^^^^^^^^^^^^^^^^^
  File "/home/main/structured-products/hyfi-exchange/venv/lib/python3.12/site-packages/web3/module.py", line 112, in caller
    result = w3.manager.request_blocking(
             ^^^^^^^^^^^^^^^^^^^^^^^^^^^^
  File "/home/main/structured-products/hyfi-exchange/venv/lib/python3.12/site-packages/web3/manager.py", line 233, in request_blocking
    return self.formatted_response(
           ^^^^^^^^^^^^^^^^^^^^^^^^
  File "/home/main/structured-products/hyfi-exchange/venv/lib/python3.12/site-packages/web3/manager.py", line 199, in formatted_response
    validate_rpc_response_and_raise_if_error(
  File "/home/main/structured-products/hyfi-exchange/venv/lib/python3.12/site-packages/web3/_utils/validation.py", line 401, in validate_rpc_response_and_raise_if_error
    raise web3_rpc_error
web3.exceptions.Web3RPCError: {'code': -32000, 'message': 'nonce too low: address 0x6f51c775547Dd7E1F1612e461754d3f24483684F, tx: 91 state: 92'}
2026-07-31 22:35:28 INFO    NVDA-USDG: source book bid=196.68 ask=196.83
2026-07-31 22:35:28 INFO    NVDA-USDG: bookId=93 bidTip=19648 (50 units) askTip=19703 (50 units)
2026-07-31 22:35:30 INFO    updateBooks sent (attempt 1/5): 3f4d46d7ffdebdfa218a2e618bfce8bf0362dbf18900301acee76e1d68bfa570 maxFee=0.041 gwei
2026-07-31 22:35:31 INFO    updateBooks confirmed in block 24181454 (gas used 38247): 0x3f4d46d7ffdebdfa218a2e618bfce8bf0362dbf18900301acee76e1d68bfa570 | $0.57/hour
2026-07-31 22:35:38 INFO    NVDA-USDG: source book bid=196.68 ask=196.83
2026-07-31 22:35:38 INFO    NVDA-USDG: price unchanged and fresh (age 10s), skipping
2026-07-31 22:35:48 INFO    NVDA-USDG: source book bid=196.73 ask=196.84
2026-07-31 22:35:48 INFO    NVDA-USDG: bookId=94 bidTip=19653 (50 units) askTip=19704 (50 units)
2026-07-31 22:35:50 INFO    updateBooks sent (attempt 1/5): 03aa65fb3599da9879b0ecfea22a20bac0155c27e51308a45ccb0eceae9b20da maxFee=0.041 gwei
2026-07-31 22:35:51 INFO    updateBooks confirmed in block 24181652 (gas used 38247): 0x03aa65fb3599da9879b0ecfea22a20bac0155c27e51308a45ccb0eceae9b20da | $0.47/hour
2026-07-31 22:35:58 INFO    NVDA-USDG: source book bid=196.8 ask=196.99
2026-07-31 22:35:58 INFO    NVDA-USDG: bookId=95 bidTip=19660 (50 units) askTip=19719 (50 units)
2026-07-31 22:36:00 INFO    updateBooks sent (attempt 1/5): 5afc9c0d69ff02a78e10cbdec520f67a3885ea6e711ed3f92ebd0c47a19c3a0f maxFee=0.041 gwei
2026-07-31 22:36:00 INFO    updateBooks confirmed in block 24181751 (gas used 38247): 0x5afc9c0d69ff02a78e10cbdec520f67a3885ea6e711ed3f92ebd0c47a19c3a0f | $0.48/hour
2026-07-31 22:36:08 INFO    NVDA-USDG: source book bid=196.85 ask=196.99
2026-07-31 22:36:08 INFO    NVDA-USDG: bookId=96 bidTip=19665 (50 units) askTip=19719 (50 units)
2026-07-31 22:36:10 INFO    updateBooks sent (attempt 1/5): a07653a68eab536f348223337f872a04e6e13a5232146ad752d6f5cb32e2c86b maxFee=0.041 gwei
2026-07-31 22:36:11 INFO    updateBooks confirmed in block 24181852 (gas used 38247): 0xa07653a68eab536f348223337f872a04e6e13a5232146ad752d6f5cb32e2c86b | $0.49/hour
2026-07-31 22:36:17 INFO    Interrupted, shutting down
2026-07-31 22:36:23 INFO    Starting updater on robin (chainId 4663): hook=0xE06495094a44987833219A48B175C5c30D426088 updater=0x6f51c775547Dd7E1F1612e461754d3f24483684F balance=0.349925 ETH pairs=NVDA-USDG
2026-07-31 22:36:25 INFO    NVDA-USDG ready: poolId=0xc16369d31e57f6712533aeacdc99eb911818100e5e677242a6ad4a847c0e01ce tickWidth=10000000000 baseLiqUnit=100000000000000000 feePerSecond=100 base_is_c0=False decimals=18/6 askUnits=50 bookId=96 source=alpaca
2026-07-31 22:36:26 INFO    NVDA-USDG: source book bid=196.72 ask=196.83
2026-07-31 22:36:26 INFO    NVDA-USDG: bookId=97 bidTip=19652 (50 units) askTip=19703 (50 units)
2026-07-31 22:36:29 INFO    updateBooks sent (attempt 1/5): 56dedeebaf617ef8b80bb26cfb8cacc710c4749978f721afa1a0f588d7ee9ace maxFee=0.042 gwei
2026-07-31 22:36:29 INFO    updateBooks confirmed in block 24182038 (gas used 38247): 0x56dedeebaf617ef8b80bb26cfb8cacc710c4749978f721afa1a0f588d7ee9ace | $0.61/hour ($14.57/day)
2026-07-31 22:36:36 INFO    NVDA-USDG: source book bid=196.7 ask=196.86
2026-07-31 22:36:36 INFO    NVDA-USDG: bookId=98 bidTip=19650 (50 units) askTip=19706 (50 units)
2026-07-31 22:36:39 INFO    updateBooks sent (attempt 1/5): c10f939c41faaa8bfaf226b4d976d7509e2e0708d2a3cad8a0049706c008eb32 maxFee=0.042 gwei
2026-07-31 22:36:39 INFO    updateBooks confirmed in block 24182137 (gas used 38247): 0xc10f939c41faaa8bfaf226b4d976d7509e2e0708d2a3cad8a0049706c008eb32 | $0.58/hour ($13.87/day)
2026-07-31 22:36:46 INFO    NVDA-USDG: source book bid=196.7 ask=196.85
2026-07-31 22:36:46 INFO    NVDA-USDG: bookId=99 bidTip=19650 (50 units) askTip=19705 (50 units)
2026-07-31 22:36:49 INFO    updateBooks sent (attempt 1/5): 62db0b7e6d132d11719b1a4b5384a442137dc9c5c8aee3b23adad86c665e635d maxFee=0.041 gwei
2026-07-31 22:36:49 INFO    updateBooks confirmed in block 24182235 (gas used 38247): 0x62db0b7e6d132d11719b1a4b5384a442137dc9c5c8aee3b23adad86c665e635d | $0.57/hour ($13.74/day)
2026-07-31 22:36:56 INFO    NVDA-USDG: source book bid=196.73 ask=196.9
2026-07-31 22:36:56 INFO    NVDA-USDG: bookId=100 bidTip=19653 (50 units) askTip=19710 (50 units)
2026-07-31 22:36:59 INFO    updateBooks sent (attempt 1/5): 95645c5a4f24897e689f4b7a3a609d6fb13c5436ba787e4392c86d7c2c340938 maxFee=0.041 gwei
2026-07-31 22:36:59 INFO    updateBooks confirmed in block 24182335 (gas used 38247): 0x95645c5a4f24897e689f4b7a3a609d6fb13c5436ba787e4392c86d7c2c340938 | $0.56/hour ($13.56/day)
2026-07-31 22:37:06 INFO    NVDA-USDG: source book bid=196.77 ask=196.88
2026-07-31 22:37:06 INFO    NVDA-USDG: bookId=101 bidTip=19657 (50 units) askTip=19708 (50 units)
2026-07-31 22:37:09 INFO    updateBooks sent (attempt 1/5): 8a3a53b7c419bb385b68ac2ac7ae05bb8d2fb36d45851bb7f85741f46facd88d maxFee=0.041 gwei
2026-07-31 22:37:09 INFO    updateBooks confirmed in block 24182435 (gas used 38247): 0x8a3a53b7c419bb385b68ac2ac7ae05bb8d2fb36d45851bb7f85741f46facd88d | $0.56/hour ($13.50/day)
2026-07-31 22:37:16 INFO    NVDA-USDG: source book bid=196.77 ask=196.88
2026-07-31 22:37:16 INFO    NVDA-USDG: price unchanged and fresh (age 10s), skipping
2026-07-31 22:37:26 INFO    NVDA-USDG: source book bid=196.81 ask=196.88
2026-07-31 22:37:26 INFO    NVDA-USDG: bookId=102 bidTip=19661 (50 units) askTip=19708 (50 units)
2026-07-31 22:37:29 INFO    updateBooks sent (attempt 1/5): d39af2e1160c49779eda4f5b0733eb6c7bcddf5edab83579e6b211c5f592803c maxFee=0.041 gwei
2026-07-31 22:37:29 INFO    updateBooks confirmed in block 24182633 (gas used 38247): 0xd39af2e1160c49779eda4f5b0733eb6c7bcddf5edab83579e6b211c5f592803c | $0.48/hour ($11.52/day)
2026-07-31 22:37:36 INFO    NVDA-USDG: source book bid=196.82 ask=196.88
2026-07-31 22:37:36 INFO    NVDA-USDG: bookId=103 bidTip=19662 (50 units) askTip=19708 (50 units)
2026-07-31 22:37:39 INFO    updateBooks sent (attempt 1/5): 6d4d26db88bf8ce8f106e169e7511b286a065f87be0e4b4d862222320dca3f54 maxFee=0.041 gwei
2026-07-31 22:37:39 INFO    updateBooks confirmed in block 24182732 (gas used 38247): 0x6d4d26db88bf8ce8f106e169e7511b286a065f87be0e4b4d862222320dca3f54 | $0.49/hour ($11.73/day)
2026-07-31 22:37:46 INFO    NVDA-USDG: source book bid=196.82 ask=196.88
2026-07-31 22:37:46 INFO    NVDA-USDG: price unchanged and fresh (age 10s), skipping
2026-07-31 22:37:56 INFO    NVDA-USDG: source book bid=196.82 ask=196.88
2026-07-31 22:37:56 INFO    NVDA-USDG: price unchanged and fresh (age 20s), skipping
2026-07-31 22:38:06 INFO    NVDA-USDG: source book bid=196.82 ask=196.88
2026-07-31 22:38:06 INFO    NVDA-USDG: price unchanged and fresh (age 30s), skipping
2026-07-31 22:38:15 INFO    Starting updater on robin (chainId 4663): hook=0xE06495094a44987833219A48B175C5c30D426088 updater=0x6f51c775547Dd7E1F1612e461754d3f24483684F balance=0.349920 ETH pairs=NVDA-USDG
2026-07-31 22:38:16 INFO    NVDA-USDG: source book bid=196.82 ask=196.88
2026-07-31 22:38:16 INFO    NVDA-USDG: price unchanged and fresh (age 40s), skipping
2026-07-31 22:38:16 INFO    NVDA-USDG ready: poolId=0xc16369d31e57f6712533aeacdc99eb911818100e5e677242a6ad4a847c0e01ce tickWidth=10000000000 baseLiqUnit=100000000000000000 feePerSecond=100 base_is_c0=False decimals=18/6 askUnits=50 bookId=103 source=alpaca
2026-07-31 22:38:18 INFO    NVDA-USDG: source book bid=196.77 ask=196.88
2026-07-31 22:38:18 INFO    NVDA-USDG: bookId=104 bidTip=19657 (50 units) askTip=19708 (50 units)
2026-07-31 22:38:21 INFO    updateBooks sent (attempt 1/5): 7d84d47b8d35767b0e3970e7497026c1e95cdeea8ff6d3e804b5a444f304cafe maxFee=0.041 gwei
2026-07-31 22:38:21 INFO    updateBooks confirmed in block 24183149 (gas used 38247): 0x7d84d47b8d35767b0e3970e7497026c1e95cdeea8ff6d3e804b5a444f304cafe | $0.60/hour ($14.46/day)
2026-07-31 22:38:26 INFO    NVDA-USDG: source book bid=196.75 ask=196.86
2026-07-31 22:38:26 INFO    NVDA-USDG: bookId=104 bidTip=19655 (50 units) askTip=19706 (50 units)
2026-07-31 22:38:27 ERROR   update loop error: ('0x22f48f9b', '0x22f48f9b')
Traceback (most recent call last):
  File "/home/main/structured-products/hyfi-exchange/./script/python/update_books_single_tick.py", line 398, in run_loop
    send_update_books(w3, hyfi, account, chain_cfg['tx'], [u for _, u in included], now_ts)
  File "/home/main/structured-products/hyfi-exchange/./script/python/update_books_single_tick.py", line 334, in send_update_books
    gas = int(fn.estimate_gas({'from': account.address}) * 1.2)
              ^^^^^^^^^^^^^^^^^^^^^^^^^^^^^^^^^^^^^^^^^^
  File "/home/main/structured-products/hyfi-exchange/venv/lib/python3.12/site-packages/web3/contract/contract.py", line 330, in estimate_gas
    return estimate_gas_for_function(
           ^^^^^^^^^^^^^^^^^^^^^^^^^^
  File "/home/main/structured-products/hyfi-exchange/venv/lib/python3.12/site-packages/web3/contract/utils.py", line 298, in estimate_gas_for_function
    return w3.eth.estimate_gas(estimate_transaction, block_identifier, state_override)
           ^^^^^^^^^^^^^^^^^^^^^^^^^^^^^^^^^^^^^^^^^^^^^^^^^^^^^^^^^^^^^^^^^^^^^^^^^^^
  File "/home/main/structured-products/hyfi-exchange/venv/lib/python3.12/site-packages/web3/eth/eth.py", line 319, in estimate_gas
    return self._estimate_gas(transaction, block_identifier, state_override)
           ^^^^^^^^^^^^^^^^^^^^^^^^^^^^^^^^^^^^^^^^^^^^^^^^^^^^^^^^^^^^^^^^^
  File "/home/main/structured-products/hyfi-exchange/venv/lib/python3.12/site-packages/web3/module.py", line 112, in caller
    result = w3.manager.request_blocking(
             ^^^^^^^^^^^^^^^^^^^^^^^^^^^^
  File "/home/main/structured-products/hyfi-exchange/venv/lib/python3.12/site-packages/web3/manager.py", line 233, in request_blocking
    return self.formatted_response(
           ^^^^^^^^^^^^^^^^^^^^^^^^
  File "/home/main/structured-products/hyfi-exchange/venv/lib/python3.12/site-packages/web3/manager.py", line 199, in formatted_response
    validate_rpc_response_and_raise_if_error(
  File "/home/main/structured-products/hyfi-exchange/venv/lib/python3.12/site-packages/web3/_utils/validation.py", line 397, in validate_rpc_response_and_raise_if_error
    response = apply_error_formatters(error_formatters, response)
               ^^^^^^^^^^^^^^^^^^^^^^^^^^^^^^^^^^^^^^^^^^^^^^^^^^
  File "/home/main/structured-products/hyfi-exchange/venv/lib/python3.12/site-packages/web3/_utils/formatters.py", line 146, in apply_error_formatters
    formatted_resp = pipe(response, error_formatters)
                     ^^^^^^^^^^^^^^^^^^^^^^^^^^^^^^^^
  File "cytoolz/functoolz.pyx", line 706, in cytoolz.functoolz.pipe
  File "cytoolz/functoolz.pyx", line 681, in cytoolz.functoolz.c_pipe
  File "/home/main/structured-products/hyfi-exchange/venv/lib/python3.12/site-packages/web3/_utils/error_formatters_utils.py", line 161, in raise_contract_logic_error_on_revert
    _raise_contract_error(data)
  File "/home/main/structured-products/hyfi-exchange/venv/lib/python3.12/site-packages/web3/_utils/error_formatters_utils.py", line 133, in _raise_contract_error
    raise ContractCustomError(response_error_data, data=response_error_data)
web3.exceptions.ContractCustomError: ('0x22f48f9b', '0x22f48f9b')
2026-07-31 22:38:36 INFO    NVDA-USDG: source book bid=196.75 ask=196.8
2026-07-31 22:38:36 INFO    NVDA-USDG: bookId=105 bidTip=19655 (50 units) askTip=19700 (50 units)
2026-07-31 22:38:39 INFO    updateBooks sent (attempt 1/5): 75f5d567dc3ccbd810ff247684a4d096a2f880a49a6bd7ec268c80cf1d02f1b1 maxFee=0.042 gwei
2026-07-31 22:38:39 INFO    updateBooks confirmed in block 24183329 (gas used 38247): 0x75f5d567dc3ccbd810ff247684a4d096a2f880a49a6bd7ec268c80cf1d02f1b1 | $0.32/hour ($7.62/day)
2026-07-31 22:38:42 INFO    Starting updater on robin (chainId 4663): hook=0xE06495094a44987833219A48B175C5c30D426088 updater=0x6f51c775547Dd7E1F1612e461754d3f24483684F balance=0.349918 ETH pairs=NVDA-USDG
2026-07-31 22:38:44 INFO    NVDA-USDG ready: poolId=0xc16369d31e57f6712533aeacdc99eb911818100e5e677242a6ad4a847c0e01ce tickWidth=10000000000 baseLiqUnit=100000000000000000 feePerSecond=100 base_is_c0=False decimals=18/6 askUnits=50 bookId=105 source=alpaca
2026-07-31 22:38:46 INFO    NVDA-USDG: source book bid=196.82 ask=196.85
2026-07-31 22:38:46 INFO    NVDA-USDG: bookId=106 bidTip=19662 (50 units) askTip=19705 (50 units)
2026-07-31 22:38:46 INFO    NVDA-USDG: source book bid=196.82 ask=196.85
2026-07-31 22:38:46 INFO    NVDA-USDG: bookId=106 bidTip=19662 (50 units) askTip=19705 (50 units)
2026-07-31 22:38:48 INFO    updateBooks sent (attempt 1/5): adcc5428d029d2b3e6c935107d1833faf88bad3f311b9a63fd675b0ce7588b38 maxFee=0.041 gwei
2026-07-31 22:38:49 INFO    updateBooks confirmed in block 24183424 (gas used 38247): 0xadcc5428d029d2b3e6c935107d1833faf88bad3f311b9a63fd675b0ce7588b38 | $0.59/hour ($14.26/day)
2026-07-31 22:38:49 ERROR   update loop error: {'code': -32000, 'message': 'nonce too low: address 0x6f51c775547Dd7E1F1612e461754d3f24483684F, tx: 105 state: 106'}
Traceback (most recent call last):
  File "/home/main/structured-products/hyfi-exchange/./script/python/update_books_single_tick.py", line 398, in run_loop
    send_update_books(w3, hyfi, account, chain_cfg['tx'], [u for _, u in included], now_ts)
  File "/home/main/structured-products/hyfi-exchange/./script/python/update_books_single_tick.py", line 356, in send_update_books
    tx_hash = w3.eth.send_raw_transaction(account.sign_transaction(tx).raw_transaction)
              ^^^^^^^^^^^^^^^^^^^^^^^^^^^^^^^^^^^^^^^^^^^^^^^^^^^^^^^^^^^^^^^^^^^^^^^^^
  File "/home/main/structured-products/hyfi-exchange/venv/lib/python3.12/site-packages/web3/eth/eth.py", line 399, in send_raw_transaction
    return self._send_raw_transaction(transaction)
           ^^^^^^^^^^^^^^^^^^^^^^^^^^^^^^^^^^^^^^^
  File "/home/main/structured-products/hyfi-exchange/venv/lib/python3.12/site-packages/web3/module.py", line 112, in caller
    result = w3.manager.request_blocking(
             ^^^^^^^^^^^^^^^^^^^^^^^^^^^^
  File "/home/main/structured-products/hyfi-exchange/venv/lib/python3.12/site-packages/web3/manager.py", line 233, in request_blocking
    return self.formatted_response(
           ^^^^^^^^^^^^^^^^^^^^^^^^
  File "/home/main/structured-products/hyfi-exchange/venv/lib/python3.12/site-packages/web3/manager.py", line 199, in formatted_response
    validate_rpc_response_and_raise_if_error(
  File "/home/main/structured-products/hyfi-exchange/venv/lib/python3.12/site-packages/web3/_utils/validation.py", line 401, in validate_rpc_response_and_raise_if_error
    raise web3_rpc_error
web3.exceptions.Web3RPCError: {'code': -32000, 'message': 'nonce too low: address 0x6f51c775547Dd7E1F1612e461754d3f24483684F, tx: 105 state: 106'}
2026-07-31 22:38:56 INFO    NVDA-USDG: source book bid=196.82 ask=196.93
2026-07-31 22:38:56 INFO    NVDA-USDG: bookId=107 bidTip=19662 (50 units) askTip=19713 (50 units)
2026-07-31 22:38:59 INFO    updateBooks sent (attempt 1/5): a568efbf2e73dd5cfcf453d8bfc5e0736737489ad659f00bfa8f51974b1c8d4f maxFee=0.042 gwei
2026-07-31 22:38:59 INFO    updateBooks confirmed in block 24183527 (gas used 38247): 0xa568efbf2e73dd5cfcf453d8bfc5e0736737489ad659f00bfa8f51974b1c8d4f | $0.31/hour ($7.50/day)
2026-07-31 22:39:06 INFO    NVDA-USDG: source book bid=196.82 ask=196.95
2026-07-31 22:39:06 INFO    NVDA-USDG: bookId=108 bidTip=19662 (50 units) askTip=19715 (50 units)
2026-07-31 22:39:09 INFO    updateBooks sent (attempt 1/5): 89ca3ed1c0aa53c8fbea7a03f7a2ee92cab6ef8c7c24407dd0324b768a13a236 maxFee=0.041 gwei
2026-07-31 22:39:09 INFO    updateBooks confirmed in block 24183630 (gas used 38247): 0x89ca3ed1c0aa53c8fbea7a03f7a2ee92cab6ef8c7c24407dd0324b768a13a236 | $0.33/hour ($7.84/day)
2026-07-31 22:39:16 INFO    NVDA-USDG: source book bid=196.7 ask=196.85
2026-07-31 22:39:16 INFO    NVDA-USDG: bookId=109 bidTip=19650 (50 units) askTip=19705 (50 units)
2026-07-31 22:39:19 INFO    updateBooks sent (attempt 1/5): 7c874b86132f096c5a128bdee5fddc5d9dbbf33ef2dfc39000537e3bdfe0b353 maxFee=0.041 gwei
2026-07-31 22:39:19 INFO    updateBooks confirmed in block 24183741 (gas used 38247): 0x7c874b86132f096c5a128bdee5fddc5d9dbbf33ef2dfc39000537e3bdfe0b353 | $0.34/hour ($8.14/day)
2026-07-31 22:39:26 INFO    NVDA-USDG: source book bid=196.7 ask=196.85
2026-07-31 22:39:26 INFO    NVDA-USDG: price unchanged and fresh (age 10s), skipping
2026-07-31 22:39:36 INFO    NVDA-USDG: source book bid=196.7 ask=196.81
2026-07-31 22:39:36 INFO    NVDA-USDG: bookId=110 bidTip=19650 (50 units) askTip=19701 (50 units)
2026-07-31 22:39:39 INFO    updateBooks sent (attempt 1/5): 29e65edd205040271422665411135a1f82a8b244b0a923e744eaf1cb64ae0128 maxFee=0.041 gwei
2026-07-31 22:39:39 INFO    updateBooks confirmed in block 24183938 (gas used 38247): 0x29e65edd205040271422665411135a1f82a8b244b0a923e744eaf1cb64ae0128 | $0.33/hour ($8.00/day)
2026-07-31 22:39:46 INFO    NVDA-USDG: source book bid=196.7 ask=196.81
2026-07-31 22:39:46 INFO    NVDA-USDG: price unchanged and fresh (age 10s), skipping
2026-07-31 22:39:56 INFO    NVDA-USDG: source book bid=196.7 ask=196.78
2026-07-31 22:39:56 INFO    NVDA-USDG: bookId=111 bidTip=19650 (50 units) askTip=19698 (50 units)
2026-07-31 22:39:59 INFO    updateBooks sent (attempt 1/5): 77e6d848bbe6b51e2f8f69c13255641d1d37756af70c6a58bbec80498a189f6a maxFee=0.041 gwei
2026-07-31 22:39:59 INFO    updateBooks confirmed in block 24184139 (gas used 38247): 0x77e6d848bbe6b51e2f8f69c13255641d1d37756af70c6a58bbec80498a189f6a | $0.33/hour ($7.87/day)
2026-07-31 22:40:06 INFO    NVDA-USDG: source book bid=196.7 ask=196.78
2026-07-31 22:40:06 INFO    NVDA-USDG: price unchanged and fresh (age 10s), skipping
2026-07-31 22:40:16 INFO    NVDA-USDG: source book bid=196.66 ask=196.7
2026-07-31 22:40:16 INFO    NVDA-USDG: bookId=112 bidTip=19646 (50 units) askTip=19690 (50 units)
2026-07-31 22:40:19 INFO    updateBooks sent (attempt 1/5): 78e1a7f16054d524e2135b9dbb4d58fa9b533f996aacde5c8563df78364277f5 maxFee=0.041 gwei
2026-07-31 22:40:20 INFO    updateBooks confirmed in block 24184340 (gas used 38247): 0x78e1a7f16054d524e2135b9dbb4d58fa9b533f996aacde5c8563df78364277f5 | $0.32/hour ($7.76/day)
2026-07-31 22:40:26 INFO    NVDA-USDG: source book bid=196.68 ask=196.72
2026-07-31 22:40:26 INFO    NVDA-USDG: bookId=113 bidTip=19648 (50 units) askTip=19692 (50 units)
2026-07-31 22:40:29 INFO    updateBooks sent (attempt 1/5): 45ef6049acd039a8e9b54e53c03b25dd65418efbb8da01eee131ebfc7fd51ff3 maxFee=0.041 gwei
2026-07-31 22:40:29 INFO    updateBooks confirmed in block 24184434 (gas used 38247): 0x45ef6049acd039a8e9b54e53c03b25dd65418efbb8da01eee131ebfc7fd51ff3 | $0.33/hour ($8.00/day)
2026-07-31 22:40:36 INFO    NVDA-USDG: source book bid=196.66 ask=196.72
2026-07-31 22:40:36 INFO    NVDA-USDG: bookId=114 bidTip=19646 (50 units) askTip=19692 (50 units)
2026-07-31 22:40:39 INFO    updateBooks sent (attempt 1/5): d128a67a40fbd76429cc1926a235add1cc505c418b18ef35f837c41a3c1ed7e6 maxFee=0.041 gwei
2026-07-31 22:40:39 INFO    updateBooks confirmed in block 24184537 (gas used 38247): 0xd128a67a40fbd76429cc1926a235add1cc505c418b18ef35f837c41a3c1ed7e6 | $0.34/hour ($8.19/day)
2026-07-31 22:40:46 INFO    NVDA-USDG: source book bid=196.66 ask=196.72
2026-07-31 22:40:46 INFO    NVDA-USDG: price unchanged and fresh (age 10s), skipping
2026-07-31 22:40:56 INFO    NVDA-USDG: source book bid=196.68 ask=196.72
2026-07-31 22:40:56 INFO    NVDA-USDG: bookId=115 bidTip=19648 (50 units) askTip=19692 (50 units)
2026-07-31 22:40:59 INFO    updateBooks sent (attempt 1/5): cb4580753bc01c705db6e33508fb6fd300ba0f2c495b5c8f88ac48580f9ccac8 maxFee=0.041 gwei
2026-07-31 22:40:59 INFO    updateBooks confirmed in block 24184735 (gas used 38247): 0xcb4580753bc01c705db6e33508fb6fd300ba0f2c495b5c8f88ac48580f9ccac8 | $0.34/hour ($8.08/day)
2026-07-31 22:41:06 INFO    NVDA-USDG: source book bid=196.6 ask=196.7
2026-07-31 22:41:06 INFO    NVDA-USDG: bookId=116 bidTip=19640 (50 units) askTip=19690 (50 units)
2026-07-31 22:41:09 INFO    updateBooks sent (attempt 1/5): 1821cda7d5f9dd851f699ee438b0a6f25700d46529bebe2a7e1f7abf8ecb6db6 maxFee=0.042 gwei
2026-07-31 22:41:09 INFO    updateBooks confirmed in block 24184834 (gas used 38247): 0x1821cda7d5f9dd851f699ee438b0a6f25700d46529bebe2a7e1f7abf8ecb6db6 | $0.34/hour ($8.26/day)
2026-07-31 22:41:16 INFO    NVDA-USDG: source book bid=196.62 ask=196.7
2026-07-31 22:41:16 INFO    NVDA-USDG: bookId=117 bidTip=19642 (50 units) askTip=19690 (50 units)
2026-07-31 22:41:19 INFO    updateBooks sent (attempt 1/5): 2a6021055cdabe16fed547819704bfc4555489dc15a685fae83d63d1453ee409 maxFee=0.041 gwei
2026-07-31 22:41:19 INFO    updateBooks confirmed in block 24184934 (gas used 38247): 0x2a6021055cdabe16fed547819704bfc4555489dc15a685fae83d63d1453ee409 | $0.35/hour ($8.42/day)
2026-07-31 22:41:26 INFO    NVDA-USDG: source book bid=196.65 ask=196.85
2026-07-31 22:41:26 INFO    NVDA-USDG: bookId=118 bidTip=19645 (50 units) askTip=19705 (50 units)
2026-07-31 22:41:29 INFO    updateBooks sent (attempt 1/5): 84a57d65c5658e74fd393fc9bfb521c7580df17f36cbe89a910beaf2b826312e maxFee=0.041 gwei
2026-07-31 22:41:29 INFO    updateBooks confirmed in block 24185033 (gas used 38247): 0x84a57d65c5658e74fd393fc9bfb521c7580df17f36cbe89a910beaf2b826312e | $0.36/hour ($8.58/day)
2026-07-31 22:41:36 INFO    NVDA-USDG: source book bid=196.68 ask=196.85
2026-07-31 22:41:36 INFO    NVDA-USDG: bookId=119 bidTip=19648 (50 units) askTip=19705 (50 units)
2026-07-31 22:41:39 INFO    updateBooks sent (attempt 1/5): 72085ed9aba785540b0d2966943cad8e19ab20a0e3242d7eae0eea2e8014920f maxFee=0.041 gwei
2026-07-31 22:41:39 INFO    updateBooks confirmed in block 24185132 (gas used 38247): 0x72085ed9aba785540b0d2966943cad8e19ab20a0e3242d7eae0eea2e8014920f | $0.36/hour ($8.73/day)
2026-07-31 22:41:46 INFO    NVDA-USDG: source book bid=196.7 ask=196.8
2026-07-31 22:41:46 INFO    NVDA-USDG: bookId=120 bidTip=19650 (50 units) askTip=19700 (50 units)
2026-07-31 22:41:49 INFO    updateBooks sent (attempt 1/5): 46b1041ebd29acdf544b01ad8e23f23c31f242e2ec527929b02b706b1c8bacd9 maxFee=0.041 gwei
2026-07-31 22:41:49 INFO    updateBooks confirmed in block 24185231 (gas used 38247): 0x46b1041ebd29acdf544b01ad8e23f23c31f242e2ec527929b02b706b1c8bacd9 | $0.37/hour ($8.86/day)
2026-07-31 22:41:56 INFO    NVDA-USDG: source book bid=196.8 ask=196.93
2026-07-31 22:41:56 INFO    NVDA-USDG: bookId=121 bidTip=19660 (50 units) askTip=19713 (50 units)
2026-07-31 22:41:59 INFO    updateBooks sent (attempt 1/5): f82d06763c813402a71a2f18b6b28e9da27bc9809097212c51fd8c7f38b19c4b maxFee=0.041 gwei
2026-07-31 22:41:59 INFO    updateBooks confirmed in block 24185333 (gas used 38247): 0xf82d06763c813402a71a2f18b6b28e9da27bc9809097212c51fd8c7f38b19c4b | $0.37/hour ($8.99/day)
2026-07-31 22:42:06 INFO    NVDA-USDG: source book bid=196.8 ask=196.9
2026-07-31 22:42:06 INFO    NVDA-USDG: bookId=122 bidTip=19660 (50 units) askTip=19710 (50 units)
2026-07-31 22:42:09 INFO    updateBooks sent (attempt 1/5): 169bb9ad3412b20fab7bc1c153e74cc263fefe29aef32b3cf00939d9ba28de44 maxFee=0.041 gwei
2026-07-31 22:42:09 INFO    updateBooks confirmed in block 24185430 (gas used 38247): 0x169bb9ad3412b20fab7bc1c153e74cc263fefe29aef32b3cf00939d9ba28de44 | $0.38/hour ($9.12/day)
2026-07-31 22:42:16 INFO    NVDA-USDG: source book bid=196.75 ask=196.89
2026-07-31 22:42:16 INFO    NVDA-USDG: bookId=123 bidTip=19655 (50 units) askTip=19709 (50 units)
2026-07-31 22:42:19 INFO    updateBooks sent (attempt 1/5): 16fbd4d50fadb3d8bf0b505a602349a9345c596b6fd359725217a5abf60c5832 maxFee=0.042 gwei
2026-07-31 22:42:19 INFO    updateBooks confirmed in block 24185531 (gas used 38247): 0x16fbd4d50fadb3d8bf0b505a602349a9345c596b6fd359725217a5abf60c5832 | $0.38/hour ($9.23/day)
2026-07-31 22:42:26 INFO    NVDA-USDG: source book bid=196.75 ask=196.82
2026-07-31 22:42:26 INFO    NVDA-USDG: bookId=124 bidTip=19655 (50 units) askTip=19702 (50 units)
2026-07-31 22:42:29 INFO    updateBooks sent (attempt 1/5): bedafccae62bf43c1dc913120e2b3eea95145d17eb9259ce610446f1102ccc76 maxFee=0.041 gwei
2026-07-31 22:42:29 INFO    updateBooks confirmed in block 24185630 (gas used 38247): 0xbedafccae62bf43c1dc913120e2b3eea95145d17eb9259ce610446f1102ccc76 | $0.39/hour ($9.34/day)
2026-07-31 22:42:36 INFO    NVDA-USDG: source book bid=196.6 ask=196.85
2026-07-31 22:42:36 INFO    NVDA-USDG: bookId=125 bidTip=19640 (50 units) askTip=19705 (50 units)
2026-07-31 22:42:39 INFO    updateBooks sent (attempt 1/5): 84ca2c4b6caf754d0251461a62ae01d963ffca0436fa9123dc1a1d69385b8191 maxFee=0.041 gwei
2026-07-31 22:42:39 INFO    updateBooks confirmed in block 24185730 (gas used 38247): 0x84ca2c4b6caf754d0251461a62ae01d963ffca0436fa9123dc1a1d69385b8191 | $0.39/hour ($9.44/day)
2026-07-31 22:42:46 INFO    NVDA-USDG: source book bid=196.6 ask=196.85
2026-07-31 22:42:46 INFO    NVDA-USDG: price unchanged and fresh (age 10s), skipping
2026-07-31 22:42:56 INFO    NVDA-USDG: source book bid=196.52 ask=196.65
2026-07-31 22:42:56 INFO    NVDA-USDG: bookId=126 bidTip=19632 (50 units) askTip=19685 (50 units)
2026-07-31 22:42:59 INFO    updateBooks sent (attempt 1/5): 4f17592a1a61cdf613ce7ace7f894a9e05dde5c5a9fa81f44e7978dc0715d3eb maxFee=0.042 gwei
2026-07-31 22:42:59 INFO    updateBooks confirmed in block 24185929 (gas used 38247): 0x4f17592a1a61cdf613ce7ace7f894a9e05dde5c5a9fa81f44e7978dc0715d3eb | $0.39/hour ($9.30/day)
2026-07-31 22:43:06 INFO    NVDA-USDG: source book bid=196.6 ask=196.76
2026-07-31 22:43:06 INFO    NVDA-USDG: bookId=127 bidTip=19640 (50 units) askTip=19696 (50 units)
2026-07-31 22:43:09 INFO    updateBooks sent (attempt 1/5): 32ebe36a45c8c350ed242e7b99597fac276659b900db912773dd4535b0db7f03 maxFee=0.041 gwei
2026-07-31 22:43:09 INFO    updateBooks confirmed in block 24186027 (gas used 38247): 0x32ebe36a45c8c350ed242e7b99597fac276659b900db912773dd4535b0db7f03 | $0.39/hour ($9.40/day)
2026-07-31 22:43:16 INFO    NVDA-USDG: source book bid=196.6 ask=196.76
2026-07-31 22:43:16 INFO    NVDA-USDG: price unchanged and fresh (age 10s), skipping
2026-07-31 22:43:26 INFO    NVDA-USDG: source book bid=196.66 ask=196.8
2026-07-31 22:43:26 INFO    NVDA-USDG: bookId=128 bidTip=19646 (50 units) askTip=19700 (50 units)
2026-07-31 22:43:29 INFO    updateBooks sent (attempt 1/5): 7c7b8504c68159189cbb14d7b067c4b577c8eee436e264122199f3055dff1b68 maxFee=0.041 gwei
2026-07-31 22:43:29 INFO    updateBooks confirmed in block 24186228 (gas used 38247): 0x7c7b8504c68159189cbb14d7b067c4b577c8eee436e264122199f3055dff1b68 | $0.39/hour ($9.26/day)
2026-07-31 22:43:36 INFO    NVDA-USDG: source book bid=196.7 ask=196.8
2026-07-31 22:43:36 INFO    NVDA-USDG: bookId=129 bidTip=19650 (50 units) askTip=19700 (50 units)
2026-07-31 22:43:39 INFO    updateBooks sent (attempt 1/5): e266614062699f62677e3ba700639c4713eee62322b588913ce1be415edc95dc maxFee=0.041 gwei
2026-07-31 22:43:39 INFO    updateBooks confirmed in block 24186327 (gas used 38247): 0xe266614062699f62677e3ba700639c4713eee62322b588913ce1be415edc95dc | $0.39/hour ($9.36/day)
2026-07-31 22:43:46 INFO    NVDA-USDG: source book bid=196.7 ask=196.8
2026-07-31 22:43:46 INFO    NVDA-USDG: price unchanged and fresh (age 10s), skipping
2026-07-31 22:43:56 INFO    NVDA-USDG: source book bid=196.71 ask=196.8
2026-07-31 22:43:56 INFO    NVDA-USDG: bookId=130 bidTip=19651 (50 units) askTip=19700 (50 units)
2026-07-31 22:43:59 INFO    updateBooks sent (attempt 1/5): 468632683f50c48c7fc8efdbd4ac0d9c386dcdc0b7e3f62fa0cffeeffe6ecfca maxFee=0.043 gwei
2026-07-31 22:43:59 INFO    updateBooks confirmed in block 24186525 (gas used 38247): 0x468632683f50c48c7fc8efdbd4ac0d9c386dcdc0b7e3f62fa0cffeeffe6ecfca | $0.38/hour ($9.24/day)
2026-07-31 22:44:06 INFO    NVDA-USDG: source book bid=196.71 ask=196.8
2026-07-31 22:44:06 INFO    NVDA-USDG: price unchanged and fresh (age 10s), skipping
2026-07-31 22:44:16 INFO    NVDA-USDG: source book bid=196.71 ask=196.8
2026-07-31 22:44:16 INFO    NVDA-USDG: price unchanged and fresh (age 20s), skipping
2026-07-31 22:44:26 INFO    NVDA-USDG: source book bid=196.6 ask=196.73
2026-07-31 22:44:26 INFO    NVDA-USDG: bookId=131 bidTip=19640 (50 units) askTip=19693 (50 units)
2026-07-31 22:44:29 INFO    updateBooks sent (attempt 1/5): 87f8452acb971918e5f902c732b6db2cf8d1b2c254e03453539741596e14c1c9 maxFee=0.041 gwei
2026-07-31 22:44:29 INFO    updateBooks confirmed in block 24186824 (gas used 38247): 0x87f8452acb971918e5f902c732b6db2cf8d1b2c254e03453539741596e14c1c9 | $0.37/hour ($8.94/day)
2026-07-31 22:44:36 INFO    NVDA-USDG: source book bid=196.6 ask=196.8
2026-07-31 22:44:36 INFO    NVDA-USDG: bookId=132 bidTip=19640 (50 units) askTip=19700 (50 units)
2026-07-31 22:44:39 INFO    updateBooks sent (attempt 1/5): b53a7464d13cb8eabe135d1b4152858169405cc07b4420c2ad52837c16d6a047 maxFee=0.041 gwei
2026-07-31 22:44:39 INFO    updateBooks confirmed in block 24186923 (gas used 38247): 0xb53a7464d13cb8eabe135d1b4152858169405cc07b4420c2ad52837c16d6a047 | $0.38/hour ($9.03/day)
2026-07-31 22:44:46 INFO    NVDA-USDG: source book bid=196.6 ask=196.8
2026-07-31 22:44:46 INFO    NVDA-USDG: price unchanged and fresh (age 10s), skipping
2026-07-31 22:44:56 INFO    NVDA-USDG: source book bid=196.6 ask=196.78
2026-07-31 22:44:56 INFO    NVDA-USDG: bookId=133 bidTip=19640 (50 units) askTip=19698 (50 units)
2026-07-31 22:44:59 INFO    updateBooks sent (attempt 1/5): 767995a12da4f59c25f873ac27fcbe582cc31621ca198eeadca18a46ce2179e9 maxFee=0.041 gwei
2026-07-31 22:45:00 INFO    updateBooks confirmed in block 24187125 (gas used 38247): 0x767995a12da4f59c25f873ac27fcbe582cc31621ca198eeadca18a46ce2179e9 | $0.37/hour ($8.93/day)
2026-07-31 22:45:06 INFO    NVDA-USDG: source book bid=196.6 ask=196.78
2026-07-31 22:45:06 INFO    NVDA-USDG: price unchanged and fresh (age 10s), skipping
2026-07-31 22:45:16 INFO    NVDA-USDG: source book bid=196.65 ask=196.78
2026-07-31 22:45:16 INFO    NVDA-USDG: bookId=134 bidTip=19645 (50 units) askTip=19698 (50 units)
2026-07-31 22:45:19 INFO    updateBooks sent (attempt 1/5): fa240bcc8ecd857a0bf636495dcca49efcee17d5518c028f93fc2fa39756b05b maxFee=0.041 gwei
2026-07-31 22:45:19 INFO    updateBooks confirmed in block 24187320 (gas used 38247): 0xfa240bcc8ecd857a0bf636495dcca49efcee17d5518c028f93fc2fa39756b05b | $0.37/hour ($8.85/day)
2026-07-31 22:45:26 INFO    NVDA-USDG: source book bid=196.65 ask=196.76
2026-07-31 22:45:26 INFO    NVDA-USDG: bookId=135 bidTip=19645 (50 units) askTip=19696 (50 units)
2026-07-31 22:45:29 INFO    updateBooks sent (attempt 1/5): 569cd51b78fa0c9fbf1ae20d99133afba179695a633b937e9308bdf00c096cb7 maxFee=0.041 gwei
2026-07-31 22:45:29 INFO    updateBooks confirmed in block 24187432 (gas used 38247): 0x569cd51b78fa0c9fbf1ae20d99133afba179695a633b937e9308bdf00c096cb7 | $0.37/hour ($8.93/day)
2026-07-31 22:45:36 INFO    NVDA-USDG: source book bid=196.65 ask=196.75
2026-07-31 22:45:36 INFO    NVDA-USDG: bookId=136 bidTip=19645 (50 units) askTip=19695 (50 units)
2026-07-31 22:45:39 INFO    updateBooks sent (attempt 1/5): 6fcc3e359ca3eb669d03cb42d80aeee7d57d948c1a8b6af78697814de207be1c maxFee=0.042 gwei
2026-07-31 22:45:39 INFO    updateBooks confirmed in block 24187533 (gas used 38247): 0x6fcc3e359ca3eb669d03cb42d80aeee7d57d948c1a8b6af78697814de207be1c | $0.38/hour ($9.01/day)
2026-07-31 22:45:46 INFO    NVDA-USDG: source book bid=196.5 ask=196.55
2026-07-31 22:45:46 INFO    NVDA-USDG: bookId=137 bidTip=19630 (50 units) askTip=19675 (50 units)
2026-07-31 22:45:49 INFO    updateBooks sent (attempt 1/5): 0a8916ea7c3de7dbee4650403951ff64565baf2e42e50472461b16218ada9b6c maxFee=0.042 gwei
2026-07-31 22:45:49 INFO    updateBooks confirmed in block 24187632 (gas used 38247): 0x0a8916ea7c3de7dbee4650403951ff64565baf2e42e50472461b16218ada9b6c | $0.38/hour ($9.08/day)
2026-07-31 22:45:56 INFO    NVDA-USDG: source book bid=196.48 ask=196.63
2026-07-31 22:45:56 INFO    NVDA-USDG: bookId=138 bidTip=19628 (50 units) askTip=19683 (50 units)
2026-07-31 22:45:59 INFO    updateBooks sent (attempt 1/5): 077daa0e869c3695053277c2eeb6708c1e0225224adf75ddcf9d6319dd84b2ef maxFee=0.041 gwei
2026-07-31 22:45:59 INFO    updateBooks confirmed in block 24187731 (gas used 38247): 0x077daa0e869c3695053277c2eeb6708c1e0225224adf75ddcf9d6319dd84b2ef | $0.38/hour ($9.15/day)
2026-07-31 22:46:06 INFO    NVDA-USDG: source book bid=196.51 ask=196.71
2026-07-31 22:46:06 INFO    NVDA-USDG: bookId=139 bidTip=19631 (50 units) askTip=19691 (50 units)
2026-07-31 22:46:09 INFO    updateBooks sent (attempt 1/5): 07359be5cff2c5e3b72df20e9c5286bed78aef99e0a8311a273556aa7f11b997 maxFee=0.041 gwei
2026-07-31 22:46:09 INFO    updateBooks confirmed in block 24187829 (gas used 38247): 0x07359be5cff2c5e3b72df20e9c5286bed78aef99e0a8311a273556aa7f11b997 | $0.38/hour ($9.23/day)
2026-07-31 22:46:16 INFO    NVDA-USDG: source book bid=196.48 ask=196.61
2026-07-31 22:46:16 INFO    NVDA-USDG: bookId=140 bidTip=19628 (50 units) askTip=19681 (50 units)
2026-07-31 22:46:19 INFO    updateBooks sent (attempt 1/5): 767ed7a99129a3bfbb5a08a30c1427b7c7a1290c091ce96608d7e11ec4874b10 maxFee=0.041 gwei
2026-07-31 22:46:19 INFO    updateBooks confirmed in block 24187929 (gas used 38247): 0x767ed7a99129a3bfbb5a08a30c1427b7c7a1290c091ce96608d7e11ec4874b10 | $0.39/hour ($9.29/day)
2026-07-31 22:46:26 INFO    NVDA-USDG: source book bid=196.4 ask=196.51
2026-07-31 22:46:26 INFO    NVDA-USDG: bookId=141 bidTip=19620 (50 units) askTip=19671 (50 units)
2026-07-31 22:46:29 INFO    updateBooks sent (attempt 1/5): 2e0ccd6e98434212261c6a604acc04b3900665271899d00828f98909eeab9158 maxFee=0.042 gwei
2026-07-31 22:46:29 INFO    updateBooks confirmed in block 24188029 (gas used 38247): 0x2e0ccd6e98434212261c6a604acc04b3900665271899d00828f98909eeab9158 | $0.39/hour ($9.36/day)
2026-07-31 22:46:36 INFO    NVDA-USDG: source book bid=196.4 ask=196.5
2026-07-31 22:46:36 INFO    NVDA-USDG: bookId=142 bidTip=19620 (50 units) askTip=19670 (50 units)
2026-07-31 22:46:39 INFO    updateBooks sent (attempt 1/5): 62dc267907a45edaf798169e1b68dfff76fb0f291488767ab3d63cc201c44586 maxFee=0.041 gwei
2026-07-31 22:46:39 INFO    updateBooks confirmed in block 24188129 (gas used 38247): 0x62dc267907a45edaf798169e1b68dfff76fb0f291488767ab3d63cc201c44586 | $0.39/hour ($9.42/day)
2026-07-31 22:46:46 INFO    NVDA-USDG: source book bid=196.4 ask=196.54
2026-07-31 22:46:46 INFO    NVDA-USDG: bookId=143 bidTip=19620 (50 units) askTip=19674 (50 units)
2026-07-31 22:46:49 INFO    updateBooks sent (attempt 1/5): b86048f164cab4f9306ae331b5ef12391bb02644d3754daa4f96446cb59cd328 maxFee=0.041 gwei
2026-07-31 22:46:49 INFO    updateBooks confirmed in block 24188228 (gas used 38247): 0xb86048f164cab4f9306ae331b5ef12391bb02644d3754daa4f96446cb59cd328 | $0.40/hour ($9.48/day)
2026-07-31 22:46:56 INFO    NVDA-USDG: source book bid=196.45 ask=196.54
2026-07-31 22:46:56 INFO    NVDA-USDG: bookId=144 bidTip=19625 (50 units) askTip=19674 (50 units)
2026-07-31 22:46:59 INFO    updateBooks sent (attempt 1/5): 95153ef9873c421f671c92f79db3485f01f2a74319d6f084b4e2ed9c72447c42 maxFee=0.041 gwei
2026-07-31 22:46:59 INFO    updateBooks confirmed in block 24188328 (gas used 38247): 0x95153ef9873c421f671c92f79db3485f01f2a74319d6f084b4e2ed9c72447c42 | $0.40/hour ($9.54/day)
2026-07-31 22:47:06 INFO    NVDA-USDG: source book bid=196.45 ask=196.57
2026-07-31 22:47:06 INFO    NVDA-USDG: bookId=145 bidTip=19625 (50 units) askTip=19677 (50 units)
2026-07-31 22:47:09 INFO    updateBooks sent (attempt 1/5): 6d4e28b5093d8244996e76dfb5a2848e1330a0111077bb55d09dbc5df1bd62ac maxFee=0.041 gwei
2026-07-31 22:47:09 INFO    updateBooks confirmed in block 24188426 (gas used 38247): 0x6d4e28b5093d8244996e76dfb5a2848e1330a0111077bb55d09dbc5df1bd62ac | $0.40/hour ($9.60/day)
2026-07-31 22:47:16 INFO    NVDA-USDG: source book bid=196.45 ask=196.54
2026-07-31 22:47:16 INFO    NVDA-USDG: bookId=146 bidTip=19625 (50 units) askTip=19674 (50 units)
2026-07-31 22:47:19 INFO    updateBooks sent (attempt 1/5): cf10113ee1db8a4e0da25ed2400a9827ac7c62a486e643745908b3af777d6629 maxFee=0.042 gwei
2026-07-31 22:47:19 INFO    updateBooks confirmed in block 24188527 (gas used 38247): 0xcf10113ee1db8a4e0da25ed2400a9827ac7c62a486e643745908b3af777d6629 | $0.40/hour ($9.65/day)
2026-07-31 22:47:26 INFO    NVDA-USDG: source book bid=196.45 ask=196.53
2026-07-31 22:47:26 INFO    NVDA-USDG: bookId=147 bidTip=19625 (50 units) askTip=19673 (50 units)
2026-07-31 22:47:29 INFO    updateBooks sent (attempt 1/5): 53d4437780c4e4aa670f3e838c9902990bf7f7951e293f94212eee14dec0b6ea maxFee=0.041 gwei
2026-07-31 22:47:29 INFO    updateBooks confirmed in block 24188626 (gas used 38247): 0x53d4437780c4e4aa670f3e838c9902990bf7f7951e293f94212eee14dec0b6ea | $0.40/hour ($9.71/day)
2026-07-31 22:47:36 INFO    NVDA-USDG: source book bid=196.46 ask=196.67
2026-07-31 22:47:36 INFO    NVDA-USDG: bookId=148 bidTip=19626 (50 units) askTip=19687 (50 units)
2026-07-31 22:47:39 INFO    updateBooks sent (attempt 1/5): c0abb06821fc2a48a5ec9b5cbf875e838eb33b802c4d6d0e0dc30938fea2c4dc maxFee=0.042 gwei
2026-07-31 22:47:39 INFO    updateBooks confirmed in block 24188724 (gas used 38247): 0xc0abb06821fc2a48a5ec9b5cbf875e838eb33b802c4d6d0e0dc30938fea2c4dc | $0.41/hour ($9.76/day)
2026-07-31 22:47:46 INFO    NVDA-USDG: source book bid=196.46 ask=196.64
2026-07-31 22:47:46 INFO    NVDA-USDG: bookId=149 bidTip=19626 (50 units) askTip=19684 (50 units)
2026-07-31 22:47:49 INFO    updateBooks sent (attempt 1/5): c8c4e82c83414ad729d9979a7dc493fb7f74c458e9b111cdf3dd1e0df171dc0f maxFee=0.041 gwei
2026-07-31 22:47:49 INFO    updateBooks confirmed in block 24188824 (gas used 38247): 0xc8c4e82c83414ad729d9979a7dc493fb7f74c458e9b111cdf3dd1e0df171dc0f | $0.41/hour ($9.81/day)
2026-07-31 22:47:56 INFO    NVDA-USDG: source book bid=196.5 ask=196.67
2026-07-31 22:47:56 INFO    NVDA-USDG: bookId=150 bidTip=19630 (50 units) askTip=19687 (50 units)
2026-07-31 22:47:59 INFO    updateBooks sent (attempt 1/5): 688f13f10710960b1566acb311ed27c28496fa9137cb23f10414739948be3509 maxFee=0.041 gwei
2026-07-31 22:47:59 INFO    updateBooks confirmed in block 24188924 (gas used 38247): 0x688f13f10710960b1566acb311ed27c28496fa9137cb23f10414739948be3509 | $0.41/hour ($9.86/day)
2026-07-31 22:48:06 INFO    NVDA-USDG: source book bid=196.5 ask=196.6
2026-07-31 22:48:06 INFO    NVDA-USDG: bookId=151 bidTip=19630 (50 units) askTip=19680 (50 units)
2026-07-31 22:48:09 INFO    updateBooks sent (attempt 1/5): 8f1cc475e0e1963ab027d005c707e9bdf2834887641c0b1fdb6ce87351555c5f maxFee=0.042 gwei
2026-07-31 22:48:09 INFO    updateBooks confirmed in block 24189022 (gas used 38247): 0x8f1cc475e0e1963ab027d005c707e9bdf2834887641c0b1fdb6ce87351555c5f | $0.41/hour ($9.91/day)
2026-07-31 22:48:16 INFO    NVDA-USDG: source book bid=196.5 ask=196.6
2026-07-31 22:48:16 INFO    NVDA-USDG: price unchanged and fresh (age 10s), skipping
2026-07-31 22:48:26 INFO    NVDA-USDG: source book bid=196.5 ask=196.6
2026-07-31 22:48:26 INFO    NVDA-USDG: price unchanged and fresh (age 20s), skipping
2026-07-31 22:48:36 INFO    NVDA-USDG: source book bid=196.5 ask=196.6
2026-07-31 22:48:36 INFO    NVDA-USDG: price unchanged and fresh (age 30s), skipping
2026-07-31 22:48:46 INFO    NVDA-USDG: source book bid=196.5 ask=196.6
2026-07-31 22:48:46 INFO    NVDA-USDG: price unchanged and fresh (age 40s), skipping
2026-07-31 22:48:56 INFO    NVDA-USDG: source book bid=196.5 ask=196.6
2026-07-31 22:48:56 INFO    NVDA-USDG: price unchanged and fresh (age 50s), skipping
2026-07-31 22:49:06 INFO    NVDA-USDG: source book bid=196.5 ask=196.6
2026-07-31 22:49:06 INFO    NVDA-USDG: bookId=152 bidTip=19630 (50 units) askTip=19680 (50 units)
2026-07-31 22:49:09 INFO    updateBooks sent (attempt 1/5): cb1d92f9bcd86b8cb26a5d5c4a81a723245d70be2f013bb4b4f96ef50a5be0e5 maxFee=0.041 gwei
2026-07-31 22:49:10 INFO    updateBooks confirmed in block 24189624 (gas used 38247): 0xcb1d92f9bcd86b8cb26a5d5c4a81a723245d70be2f013bb4b4f96ef50a5be0e5 | $0.39/hour ($9.30/day)
2026-07-31 22:49:16 INFO    NVDA-USDG: source book bid=196.51 ask=196.56
2026-07-31 22:49:16 INFO    NVDA-USDG: bookId=153 bidTip=19631 (50 units) askTip=19676 (50 units)
2026-07-31 22:49:19 INFO    updateBooks sent (attempt 1/5): eb51c5e0c25e0227a90d4e0344140a92259211149756c7b341d25d732436e2a1 maxFee=0.041 gwei
2026-07-31 22:49:19 INFO    updateBooks confirmed in block 24189721 (gas used 38247): 0xeb51c5e0c25e0227a90d4e0344140a92259211149756c7b341d25d732436e2a1 | $0.39/hour ($9.36/day)
2026-07-31 22:49:26 INFO    NVDA-USDG: source book bid=196.55 ask=196.6
2026-07-31 22:49:26 INFO    NVDA-USDG: bookId=154 bidTip=19635 (50 units) askTip=19680 (50 units)
2026-07-31 22:49:29 INFO    updateBooks sent (attempt 1/5): c4666cd2295c3d093c64711e45ffc8495ab22d697e3e1bb01f1e0b1f2b5c1cec maxFee=0.042 gwei
2026-07-31 22:49:29 INFO    updateBooks confirmed in block 24189820 (gas used 38247): 0xc4666cd2295c3d093c64711e45ffc8495ab22d697e3e1bb01f1e0b1f2b5c1cec | $0.39/hour ($9.41/day)
2026-07-31 22:49:36 INFO    NVDA-USDG: source book bid=196.59 ask=196.67
2026-07-31 22:49:36 INFO    NVDA-USDG: bookId=155 bidTip=19639 (50 units) askTip=19687 (50 units)
2026-07-31 22:49:39 INFO    updateBooks sent (attempt 1/5): 207338fa6b7f931a546863ca95120ef3f23b158802bc626a5582917401a93ba5 maxFee=0.042 gwei
2026-07-31 22:49:39 INFO    updateBooks confirmed in block 24189919 (gas used 38247): 0x207338fa6b7f931a546863ca95120ef3f23b158802bc626a5582917401a93ba5 | $0.39/hour ($9.46/day)
2026-07-31 22:49:46 INFO    NVDA-USDG: source book bid=196.59 ask=196.67
2026-07-31 22:49:46 INFO    NVDA-USDG: price unchanged and fresh (age 10s), skipping
2026-07-31 22:49:56 INFO    NVDA-USDG: source book bid=196.59 ask=196.67
2026-07-31 22:49:56 INFO    NVDA-USDG: price unchanged and fresh (age 20s), skipping
2026-07-31 22:50:06 INFO    NVDA-USDG: source book bid=196.6 ask=196.67
2026-07-31 22:50:06 INFO    NVDA-USDG: bookId=156 bidTip=19640 (50 units) askTip=19687 (50 units)
2026-07-31 22:50:09 INFO    updateBooks sent (attempt 1/5): 727bb323f998fe8d3a4d20dabdf90feb8a77b062fdae4d25bfd2e5ca34975e23 maxFee=0.042 gwei
2026-07-31 22:50:09 INFO    updateBooks confirmed in block 24190218 (gas used 38247): 0x727bb323f998fe8d3a4d20dabdf90feb8a77b062fdae4d25bfd2e5ca34975e23 | $0.39/hour ($9.27/day)
2026-07-31 22:50:16 INFO    NVDA-USDG: source book bid=196.6 ask=196.67
2026-07-31 22:50:16 INFO    NVDA-USDG: price unchanged and fresh (age 10s), skipping
2026-07-31 22:50:26 INFO    NVDA-USDG: source book bid=196.6 ask=196.64
2026-07-31 22:50:26 INFO    NVDA-USDG: bookId=157 bidTip=19640 (50 units) askTip=19684 (50 units)
2026-07-31 22:50:29 INFO    updateBooks sent (attempt 1/5): cf9a7dca2dabbe66e492032b5ea5b1bf7a100104d61cbd596f1c465a6169c56d maxFee=0.041 gwei
2026-07-31 22:50:29 INFO    updateBooks confirmed in block 24190417 (gas used 38247): 0xcf9a7dca2dabbe66e492032b5ea5b1bf7a100104d61cbd596f1c465a6169c56d | $0.38/hour ($9.21/day)
2026-07-31 22:50:32 INFO    Interrupted, shutting down
2026-07-31 22:50:47 INFO    Starting updater on robin (chainId 4663): hook=0xE06495094a44987833219A48B175C5c30D426088 updater=0x6f51c775547Dd7E1F1612e461754d3f24483684F balance=0.349878 ETH pairs=NVDA-USDG
2026-07-31 22:50:49 INFO    NVDA-USDG ready: poolId=0xc16369d31e57f6712533aeacdc99eb911818100e5e677242a6ad4a847c0e01ce tickWidth=10000000000 baseLiqUnit=100000000000000000 feePerSecond=100 base_is_c0=False decimals=18/6 askUnits=50 bookId=157 source=alpaca
2026-07-31 22:50:51 INFO    NVDA-USDG: source book bid=196.6 ask=196.67
2026-07-31 22:50:51 INFO    NVDA-USDG: bookId=158 bidTip=19640 (50 units) askTip=19687 (50 units)
2026-07-31 22:50:53 INFO    updateBooks sent (attempt 1/5): 850be8fe21827933dd5eef1d0e9f274639c16bbed85116237a321cf94f0b05db maxFee=0.041 gwei
2026-07-31 22:50:54 INFO    updateBooks confirmed in block 24190661 (gas used 38247): 0x850be8fe21827933dd5eef1d0e9f274639c16bbed85116237a321cf94f0b05db | $0.59/hour ($14.19/day)
2026-07-31 22:51:01 INFO    NVDA-USDG: source book bid=196.6 ask=196.67
2026-07-31 22:51:01 INFO    NVDA-USDG: price unchanged and fresh (age 10s), skipping
2026-07-31 22:51:11 INFO    NVDA-USDG: source book bid=196.7 ask=196.76
2026-07-31 22:51:11 INFO    NVDA-USDG: bookId=159 bidTip=19650 (50 units) askTip=19696 (50 units)
2026-07-31 22:51:13 INFO    updateBooks sent (attempt 1/5): f50deb32b8d0a07c4cf27f87f5c38b1117bf091c2efbdab0387f7f721261d536 maxFee=0.041 gwei
2026-07-31 22:51:14 INFO    updateBooks confirmed in block 24190859 (gas used 38247): 0xf50deb32b8d0a07c4cf27f87f5c38b1117bf091c2efbdab0387f7f721261d536 | $0.38/hour ($9.09/day)
2026-07-31 22:51:21 INFO    NVDA-USDG: source book bid=196.76 ask=196.8
2026-07-31 22:51:21 INFO    NVDA-USDG: bookId=160 bidTip=19656 (50 units) askTip=19700 (50 units)
2026-07-31 22:51:23 INFO    updateBooks sent (attempt 1/5): a4508d061e1f99484da13a99be8a73e4dc3320f81b0b600dda9bcfd7d555115b maxFee=0.041 gwei
2026-07-31 22:51:24 INFO    updateBooks confirmed in block 24190958 (gas used 38247): 0xa4508d061e1f99484da13a99be8a73e4dc3320f81b0b600dda9bcfd7d555115b | $0.42/hour ($10.17/day)
2026-07-31 22:51:31 INFO    NVDA-USDG: source book bid=196.76 ask=196.8
2026-07-31 22:51:31 INFO    NVDA-USDG: price unchanged and fresh (age 10s), skipping
2026-07-31 22:51:41 INFO    NVDA-USDG: source book bid=196.77 ask=196.8
2026-07-31 22:51:41 INFO    NVDA-USDG: bookId=161 bidTip=19657 (50 units) askTip=19700 (50 units)
2026-07-31 22:51:43 INFO    updateBooks sent (attempt 1/5): 2f220cea84cbd4e2ad552f0d93f0a4c996badb8e1b918d8918a498bcec02e8a2 maxFee=0.041 gwei
2026-07-31 22:51:44 INFO    updateBooks confirmed in block 24191156 (gas used 38247): 0x2f220cea84cbd4e2ad552f0d93f0a4c996badb8e1b918d8918a498bcec02e8a2 | $0.37/hour ($8.99/day)
2026-07-31 22:51:50 INFO    NVDA-USDG: source book bid=196.8 ask=196.85
2026-07-31 22:51:50 INFO    NVDA-USDG: bookId=162 bidTip=19660 (50 units) askTip=19705 (50 units)
2026-07-31 22:51:53 INFO    updateBooks sent (attempt 1/5): bb4063b1210112a7417d1ec720beac9cc29531e7424d6bfc9bdd4264f03239a4 maxFee=0.041 gwei
2026-07-31 22:51:53 INFO    updateBooks confirmed in block 24191252 (gas used 38247): 0xbb4063b1210112a7417d1ec720beac9cc29531e7424d6bfc9bdd4264f03239a4 | $0.40/hour ($9.65/day)
2026-07-31 22:52:01 INFO    NVDA-USDG: source book bid=196.81 ask=196.96
2026-07-31 22:52:01 INFO    NVDA-USDG: bookId=163 bidTip=19661 (50 units) askTip=19716 (50 units)
2026-07-31 22:52:03 INFO    updateBooks sent (attempt 1/5): 2d22cb9051c4e9ab6ab98abf6f7bea0318f30899a914d85d370820aa5ef73b3f maxFee=0.041 gwei
2026-07-31 22:52:03 INFO    updateBooks confirmed in block 24191367 (gas used 38247): 0x2d22cb9051c4e9ab6ab98abf6f7bea0318f30899a914d85d370820aa5ef73b3f | $0.42/hour ($10.08/day)
2026-07-31 22:52:11 INFO    NVDA-USDG: source book bid=196.8 ask=197
2026-07-31 22:52:11 INFO    NVDA-USDG: bookId=164 bidTip=19660 (50 units) askTip=19720 (50 units)
2026-07-31 22:52:13 INFO    updateBooks sent (attempt 1/5): 0b130ff65f6032704aea741d60c9c3cd282bb69a51a0c34329f5b599ea678968 maxFee=0.041 gwei
2026-07-31 22:52:13 INFO    updateBooks confirmed in block 24191466 (gas used 38247): 0x0b130ff65f6032704aea741d60c9c3cd282bb69a51a0c34329f5b599ea678968 | $0.44/hour ($10.44/day)
2026-07-31 22:52:21 INFO    NVDA-USDG: source book bid=196.8 ask=197
2026-07-31 22:52:21 INFO    NVDA-USDG: price unchanged and fresh (age 10s), skipping
2026-07-31 22:52:31 INFO    NVDA-USDG: source book bid=196.86 ask=197
2026-07-31 22:52:31 INFO    NVDA-USDG: bookId=165 bidTip=19666 (50 units) askTip=19720 (50 units)
2026-07-31 22:52:33 INFO    updateBooks sent (attempt 1/5): 097954c326b1c8078a142fed3d704b8c901a3d2059966d20dd5157ec5cd01726 maxFee=0.041 gwei
2026-07-31 22:52:34 INFO    updateBooks confirmed in block 24191666 (gas used 38247): 0x097954c326b1c8078a142fed3d704b8c901a3d2059966d20dd5157ec5cd01726 | $0.41/hour ($9.73/day)
2026-07-31 22:52:41 INFO    NVDA-USDG: source book bid=196.88 ask=196.98
2026-07-31 22:52:41 INFO    NVDA-USDG: bookId=166 bidTip=19668 (50 units) askTip=19718 (50 units)
2026-07-31 22:52:43 INFO    updateBooks sent (attempt 1/5): 6655adb480cd216098a3dbc19ca6a444f86ca2ae34e18d713eb960a742539175 maxFee=0.041 gwei
2026-07-31 22:52:43 INFO    updateBooks confirmed in block 24191765 (gas used 38247): 0x6655adb480cd216098a3dbc19ca6a444f86ca2ae34e18d713eb960a742539175 | $0.42/hour ($10.03/day)
2026-07-31 22:52:51 INFO    NVDA-USDG: source book bid=196.88 ask=196.96
2026-07-31 22:52:51 INFO    NVDA-USDG: bookId=167 bidTip=19668 (50 units) askTip=19716 (50 units)
2026-07-31 22:52:53 INFO    updateBooks sent (attempt 1/5): b68724d47f58457dabca2db4b3f15c54805d708890709611746b58cf8e3dd545 maxFee=0.041 gwei
2026-07-31 22:52:54 INFO    updateBooks confirmed in block 24191864 (gas used 38247): 0xb68724d47f58457dabca2db4b3f15c54805d708890709611746b58cf8e3dd545 | $0.43/hour ($10.28/day)
2026-07-31 22:53:00 INFO    NVDA-USDG: source book bid=196.95 ask=197
2026-07-31 22:53:00 INFO    NVDA-USDG: bookId=168 bidTip=19675 (50 units) askTip=19720 (50 units)
2026-07-31 22:53:03 INFO    updateBooks sent (attempt 1/5): 3360ad9332d0e6f7507ff102aec7704f8d5ef40a814f191fd89f59fd130b1e12 maxFee=0.041 gwei
2026-07-31 22:53:03 INFO    updateBooks confirmed in block 24191962 (gas used 38247): 0x3360ad9332d0e6f7507ff102aec7704f8d5ef40a814f191fd89f59fd130b1e12 | $0.44/hour ($10.50/day)
2026-07-31 22:53:11 INFO    NVDA-USDG: source book bid=196.9 ask=196.98
2026-07-31 22:53:11 INFO    NVDA-USDG: bookId=169 bidTip=19670 (50 units) askTip=19718 (50 units)
2026-07-31 22:53:13 INFO    updateBooks sent (attempt 1/5): d7405e98cc23f4faf7d0d94988b2d56e4c0f8066eae6cd94d01cd16c693ec393 maxFee=0.041 gwei
2026-07-31 22:53:14 INFO    updateBooks confirmed in block 24192064 (gas used 38247): 0xd7405e98cc23f4faf7d0d94988b2d56e4c0f8066eae6cd94d01cd16c693ec393 | $0.44/hour ($10.67/day)
2026-07-31 22:53:21 INFO    NVDA-USDG: source book bid=196.9 ask=196.98
2026-07-31 22:53:21 INFO    NVDA-USDG: price unchanged and fresh (age 10s), skipping
2026-07-31 22:53:31 INFO    NVDA-USDG: source book bid=196.82 ask=196.9
2026-07-31 22:53:31 INFO    NVDA-USDG: bookId=170 bidTip=19662 (50 units) askTip=19710 (50 units)
2026-07-31 22:53:33 INFO    updateBooks sent (attempt 1/5): 29e1918ae3bfe5ca230b1196942538a736385658a70573fddd104d1008226b9c maxFee=0.041 gwei
2026-07-31 22:53:34 INFO    updateBooks confirmed in block 24192262 (gas used 38247): 0x29e1918ae3bfe5ca230b1196942538a736385658a70573fddd104d1008226b9c | $0.42/hour ($10.20/day)
2026-07-31 22:53:41 INFO    NVDA-USDG: source book bid=196.82 ask=196.96
2026-07-31 22:53:41 INFO    NVDA-USDG: bookId=171 bidTip=19662 (50 units) askTip=19716 (50 units)
2026-07-31 22:53:43 INFO    updateBooks sent (attempt 1/5): c1ce9c002852086ee3dea61f808ef82870ee0c65be37f82452e263b961335386 maxFee=0.041 gwei
2026-07-31 22:53:44 INFO    updateBooks confirmed in block 24192361 (gas used 38247): 0xc1ce9c002852086ee3dea61f808ef82870ee0c65be37f82452e263b961335386 | $0.43/hour ($10.37/day)
2026-07-31 22:53:51 INFO    NVDA-USDG: source book bid=196.85 ask=196.98
2026-07-31 22:53:51 INFO    NVDA-USDG: bookId=172 bidTip=19665 (50 units) askTip=19718 (50 units)
2026-07-31 22:53:53 INFO    updateBooks sent (attempt 1/5): 352ae40d90906a0afde180cb73f8ca2479679759255d968951cd5766ff8be9d5 maxFee=0.041 gwei
2026-07-31 22:53:53 INFO    updateBooks confirmed in block 24192460 (gas used 38247): 0x352ae40d90906a0afde180cb73f8ca2479679759255d968951cd5766ff8be9d5 | $0.44/hour ($10.53/day)
2026-07-31 22:54:00 INFO    NVDA-USDG: source book bid=196.85 ask=196.98
2026-07-31 22:54:00 INFO    NVDA-USDG: price unchanged and fresh (age 10s), skipping
2026-07-31 22:54:10 INFO    NVDA-USDG: source book bid=196.85 ask=196.9
2026-07-31 22:54:10 INFO    NVDA-USDG: bookId=173 bidTip=19665 (50 units) askTip=19710 (50 units)
2026-07-31 22:54:13 INFO    updateBooks sent (attempt 1/5): a1e8b738d459b4ac4e5c117ccabd5216e2581d2bf45fe9bd3ae8710a863f94d5 maxFee=0.041 gwei
2026-07-31 22:54:13 INFO    updateBooks confirmed in block 24192658 (gas used 38247): 0xa1e8b738d459b4ac4e5c117ccabd5216e2581d2bf45fe9bd3ae8710a863f94d5 | $0.42/hour ($10.16/day)
2026-07-31 22:54:21 INFO    NVDA-USDG: source book bid=196.8 ask=196.84
2026-07-31 22:54:21 INFO    NVDA-USDG: bookId=174 bidTip=19660 (50 units) askTip=19704 (50 units)
2026-07-31 22:54:23 INFO    updateBooks sent (attempt 1/5): 9959a986b96680d383c14cddbdfb95ce9cca0cf77a60103259413c904b188684 maxFee=0.041 gwei
2026-07-31 22:54:23 INFO    updateBooks confirmed in block 24192758 (gas used 38247): 0x9959a986b96680d383c14cddbdfb95ce9cca0cf77a60103259413c904b188684 | $0.43/hour ($10.30/day)
2026-07-31 22:54:31 INFO    NVDA-USDG: source book bid=196.8 ask=196.86
2026-07-31 22:54:31 INFO    NVDA-USDG: bookId=175 bidTip=19660 (50 units) askTip=19706 (50 units)
2026-07-31 22:54:33 INFO    updateBooks sent (attempt 1/5): 2b5ca28c6a9a987db697fe5650534750534390efb4e928f2602e883f72ecc5f7 maxFee=0.041 gwei
2026-07-31 22:54:33 INFO    updateBooks confirmed in block 24192858 (gas used 38247): 0x2b5ca28c6a9a987db697fe5650534750534390efb4e928f2602e883f72ecc5f7 | $0.43/hour ($10.43/day)
2026-07-31 22:54:40 INFO    NVDA-USDG: source book bid=196.83 ask=196.89
2026-07-31 22:54:40 INFO    NVDA-USDG: bookId=176 bidTip=19663 (50 units) askTip=19709 (50 units)
2026-07-31 22:54:43 INFO    updateBooks sent (attempt 1/5): ff348f7110100c0fc8db3f12f307cd1d0dc75df09e772c26c79a4eb864eb53ba maxFee=0.041 gwei
2026-07-31 22:54:43 INFO    updateBooks confirmed in block 24192956 (gas used 38247): 0xff348f7110100c0fc8db3f12f307cd1d0dc75df09e772c26c79a4eb864eb53ba | $0.44/hour ($10.55/day)
2026-07-31 22:54:50 INFO    NVDA-USDG: source book bid=196.85 ask=196.89
2026-07-31 22:54:50 INFO    NVDA-USDG: bookId=177 bidTip=19665 (50 units) askTip=19709 (50 units)
2026-07-31 22:54:53 INFO    updateBooks sent (attempt 1/5): 9970aef3f80270cdd5b58d709b290b20a9a9f7e3a2e5f1b3c04453a3d979479c maxFee=0.041 gwei
2026-07-31 22:54:53 INFO    updateBooks confirmed in block 24193054 (gas used 38247): 0x9970aef3f80270cdd5b58d709b290b20a9a9f7e3a2e5f1b3c04453a3d979479c | $0.44/hour ($10.66/day)
2026-07-31 22:55:01 INFO    NVDA-USDG: source book bid=196.82 ask=196.88
2026-07-31 22:55:01 INFO    NVDA-USDG: bookId=178 bidTip=19662 (50 units) askTip=19708 (50 units)
2026-07-31 22:55:03 INFO    updateBooks sent (attempt 1/5): 6eec3d0d5e40d2f848ecd39ff78e24ed2f2b3198e6f7e870c7343e4665f92b63 maxFee=0.041 gwei
2026-07-31 22:55:04 INFO    updateBooks confirmed in block 24193157 (gas used 38247): 0x6eec3d0d5e40d2f848ecd39ff78e24ed2f2b3198e6f7e870c7343e4665f92b63 | $0.45/hour ($10.75/day)
2026-07-31 22:55:11 INFO    NVDA-USDG: source book bid=196.79 ask=196.86
2026-07-31 22:55:11 INFO    NVDA-USDG: bookId=179 bidTip=19659 (50 units) askTip=19706 (50 units)
2026-07-31 22:55:13 INFO    updateBooks sent (attempt 1/5): abef0d41db4fe42bda19413f48c7112ffc4e33a6a67c3b28578bd873f313b283 maxFee=0.041 gwei
2026-07-31 22:55:14 INFO    updateBooks confirmed in block 24193258 (gas used 38247): 0xabef0d41db4fe42bda19413f48c7112ffc4e33a6a67c3b28578bd873f313b283 | $0.45/hour ($10.84/day)
2026-07-31 22:55:20 INFO    NVDA-USDG: source book bid=196.87 ask=196.96
2026-07-31 22:55:20 INFO    NVDA-USDG: bookId=180 bidTip=19667 (50 units) askTip=19716 (50 units)
2026-07-31 22:55:23 INFO    updateBooks sent (attempt 1/5): b44fc37e2249521bc730a4bf32aab9509d5871860d6d0eeb471add565bd8c4ab maxFee=0.041 gwei
2026-07-31 22:55:23 INFO    updateBooks confirmed in block 24193354 (gas used 38247): 0xb44fc37e2249521bc730a4bf32aab9509d5871860d6d0eeb471add565bd8c4ab | $0.46/hour ($10.94/day)
2026-07-31 22:55:31 INFO    NVDA-USDG: source book bid=196.9 ask=196.96
2026-07-31 22:55:31 INFO    NVDA-USDG: bookId=181 bidTip=19670 (50 units) askTip=19716 (50 units)
2026-07-31 22:55:33 INFO    updateBooks sent (attempt 1/5): d37e6a627259d6ee88c615bd554d883c6d21774196f58095625a2d319a93b7f5 maxFee=0.041 gwei
2026-07-31 22:55:33 INFO    updateBooks confirmed in block 24193454 (gas used 38247): 0xd37e6a627259d6ee88c615bd554d883c6d21774196f58095625a2d319a93b7f5 | $0.46/hour ($11.02/day)
2026-07-31 22:55:41 INFO    NVDA-USDG: source book bid=196.9 ask=196.96
2026-07-31 22:55:41 INFO    NVDA-USDG: price unchanged and fresh (age 10s), skipping
2026-07-31 22:55:51 INFO    NVDA-USDG: source book bid=196.83 ask=196.93
2026-07-31 22:55:51 INFO    NVDA-USDG: bookId=182 bidTip=19663 (50 units) askTip=19713 (50 units)
2026-07-31 22:55:53 INFO    updateBooks sent (attempt 1/5): f1fdf54492fa2d4989062d679959addd88c2322573f2b460ee6c95ad0875f85c maxFee=0.041 gwei
2026-07-31 22:55:54 INFO    updateBooks confirmed in block 24193654 (gas used 38247): 0xf1fdf54492fa2d4989062d679959addd88c2322573f2b460ee6c95ad0875f85c | $0.45/hour ($10.73/day)
2026-07-31 22:56:01 INFO    NVDA-USDG: source book bid=196.83 ask=196.93
2026-07-31 22:56:01 INFO    NVDA-USDG: price unchanged and fresh (age 10s), skipping
2026-07-31 22:56:11 INFO    NVDA-USDG: source book bid=196.83 ask=196.93
2026-07-31 22:56:11 INFO    NVDA-USDG: bookId=183 bidTip=19663 (50 units) askTip=19713 (50 units)
2026-07-31 22:56:14 INFO    updateBooks sent (attempt 1/5): 2b679fca9fb54a5c6297d6b251c1ca4507b1d2c1e729c72d8e70a6295515409e maxFee=0.041 gwei
2026-07-31 22:56:14 INFO    updateBooks confirmed in block 24193859 (gas used 38247): 0x2b679fca9fb54a5c6297d6b251c1ca4507b1d2c1e729c72d8e70a6295515409e | $0.44/hour ($10.46/day)
2026-07-31 22:56:21 INFO    NVDA-USDG: source book bid=196.83 ask=196.9
2026-07-31 22:56:21 INFO    NVDA-USDG: bookId=184 bidTip=19663 (50 units) askTip=19710 (50 units)
2026-07-31 22:56:23 INFO    updateBooks sent (attempt 1/5): 101805037110155446326f6ab6b3b17848841ce4c6e71d538d69084a2a8e3500 maxFee=0.041 gwei
2026-07-31 22:56:24 INFO    updateBooks confirmed in block 24193953 (gas used 38247): 0x101805037110155446326f6ab6b3b17848841ce4c6e71d538d69084a2a8e3500 | $0.44/hour ($10.56/day)
2026-07-31 22:56:31 INFO    NVDA-USDG: source book bid=196.83 ask=196.88
2026-07-31 22:56:31 INFO    NVDA-USDG: bookId=185 bidTip=19663 (50 units) askTip=19708 (50 units)
2026-07-31 22:56:33 INFO    updateBooks sent (attempt 1/5): 837911a122d240d6dc683b2d4cf534b6447df88fd4b0da92fec96813ea33c9da maxFee=0.041 gwei
2026-07-31 22:56:34 INFO    updateBooks confirmed in block 24194052 (gas used 38247): 0x837911a122d240d6dc683b2d4cf534b6447df88fd4b0da92fec96813ea33c9da | $0.44/hour ($10.64/day)
2026-07-31 22:56:41 INFO    NVDA-USDG: source book bid=196.83 ask=196.93
2026-07-31 22:56:41 INFO    NVDA-USDG: bookId=186 bidTip=19663 (50 units) askTip=19713 (50 units)
2026-07-31 22:56:43 INFO    updateBooks sent (attempt 1/5): c0198db43b4df7ca84142a1c9ec0e8f4204c9260a8e967c6ceb5a1011da5eac3 maxFee=0.041 gwei
2026-07-31 22:56:44 INFO    updateBooks confirmed in block 24194151 (gas used 38247): 0xc0198db43b4df7ca84142a1c9ec0e8f4204c9260a8e967c6ceb5a1011da5eac3 | $0.45/hour ($10.72/day)
2026-07-31 22:56:51 INFO    NVDA-USDG: source book bid=196.83 ask=196.93
2026-07-31 22:56:51 INFO    NVDA-USDG: price unchanged and fresh (age 10s), skipping
2026-07-31 22:57:01 INFO    NVDA-USDG: source book bid=196.83 ask=196.93
2026-07-31 22:57:01 INFO    NVDA-USDG: bookId=187 bidTip=19663 (50 units) askTip=19713 (50 units)
2026-07-31 22:57:03 INFO    updateBooks sent (attempt 1/5): 693cdf4d97c8553a40778a3df47becaf137b2e169755291bc53333a5d731e357 maxFee=0.041 gwei
2026-07-31 22:57:04 INFO    updateBooks confirmed in block 24194351 (gas used 38247): 0x693cdf4d97c8553a40778a3df47becaf137b2e169755291bc53333a5d731e357 | $0.44/hour ($10.49/day)
2026-07-31 22:57:11 INFO    NVDA-USDG: source book bid=196.83 ask=196.9
2026-07-31 22:57:11 INFO    NVDA-USDG: bookId=188 bidTip=19663 (50 units) askTip=19710 (50 units)
2026-07-31 22:57:13 INFO    updateBooks sent (attempt 1/5): d60110f07c3ba35d1f1900c27d9b15e1161dcf8de4192f3056d1c9545e318f4e maxFee=0.041 gwei
2026-07-31 22:57:14 INFO    updateBooks confirmed in block 24194451 (gas used 38247): 0xd60110f07c3ba35d1f1900c27d9b15e1161dcf8de4192f3056d1c9545e318f4e | $0.44/hour ($10.57/day)
2026-07-31 22:57:20 INFO    NVDA-USDG: source book bid=196.83 ask=196.89
2026-07-31 22:57:20 INFO    NVDA-USDG: bookId=189 bidTip=19663 (50 units) askTip=19709 (50 units)
2026-07-31 22:57:23 INFO    updateBooks sent (attempt 1/5): 6dd623a7f68e245e4d9066da06001bd1592b72f669f3ff749bcb658693cc45ec maxFee=0.041 gwei
2026-07-31 22:57:24 INFO    updateBooks confirmed in block 24194549 (gas used 38247): 0x6dd623a7f68e245e4d9066da06001bd1592b72f669f3ff749bcb658693cc45ec | $0.44/hour ($10.65/day)
2026-07-31 22:57:31 INFO    NVDA-USDG: source book bid=196.83 ask=196.9
2026-07-31 22:57:31 INFO    NVDA-USDG: bookId=190 bidTip=19663 (50 units) askTip=19710 (50 units)
2026-07-31 22:57:33 INFO    updateBooks sent (attempt 1/5): 01012fa8a2b52722caa6dc05d4eb712139186e5ec8b0baacd8792cc6006d6c23 maxFee=0.041 gwei
2026-07-31 22:57:34 INFO    updateBooks confirmed in block 24194648 (gas used 38247): 0x01012fa8a2b52722caa6dc05d4eb712139186e5ec8b0baacd8792cc6006d6c23 | $0.45/hour ($10.71/day)
2026-07-31 22:57:41 INFO    NVDA-USDG: source book bid=196.83 ask=196.89
2026-07-31 22:57:41 INFO    NVDA-USDG: bookId=191 bidTip=19663 (50 units) askTip=19709 (50 units)
2026-07-31 22:57:43 INFO    updateBooks sent (attempt 1/5): 47a9f8cd9347803663a0b090a77ed87f11421e8c91fd6fdf847cba373497c64c maxFee=0.041 gwei
2026-07-31 22:57:44 INFO    updateBooks confirmed in block 24194748 (gas used 38247): 0x47a9f8cd9347803663a0b090a77ed87f11421e8c91fd6fdf847cba373497c64c | $0.45/hour ($10.78/day)
2026-07-31 22:57:51 INFO    NVDA-USDG: source book bid=196.83 ask=196.93
2026-07-31 22:57:51 INFO    NVDA-USDG: bookId=192 bidTip=19663 (50 units) askTip=19713 (50 units)
2026-07-31 22:57:53 INFO    updateBooks sent (attempt 1/5): 9c811a6492f488dfede9c45bc4a372c8d5a957da71fd19d69156f400b711d105 maxFee=0.041 gwei
2026-07-31 22:57:53 INFO    updateBooks confirmed in block 24194847 (gas used 38247): 0x9c811a6492f488dfede9c45bc4a372c8d5a957da71fd19d69156f400b711d105 | $0.45/hour ($10.83/day)
2026-07-31 22:58:00 INFO    NVDA-USDG: source book bid=196.76 ask=196.84
2026-07-31 22:58:00 INFO    NVDA-USDG: bookId=193 bidTip=19656 (50 units) askTip=19704 (50 units)
2026-07-31 22:58:03 INFO    updateBooks sent (attempt 1/5): 990dca89b3ea53c751db163961e962be16fa00e9663410c808c8cf94c216b00e maxFee=0.041 gwei
2026-07-31 22:58:03 INFO    updateBooks confirmed in block 24194944 (gas used 38247): 0x990dca89b3ea53c751db163961e962be16fa00e9663410c808c8cf94c216b00e | $0.45/hour ($10.90/day)
2026-07-31 22:58:10 INFO    NVDA-USDG: source book bid=196.76 ask=196.8
2026-07-31 22:58:10 INFO    NVDA-USDG: bookId=194 bidTip=19656 (50 units) askTip=19700 (50 units)
2026-07-31 22:58:13 INFO    updateBooks sent (attempt 1/5): 4460e2991ff76b50b707f491f9ec0da218f49a076e43c6fd7908339dd53916a1 maxFee=0.041 gwei
2026-07-31 22:58:13 INFO    updateBooks confirmed in block 24195058 (gas used 38247): 0x4460e2991ff76b50b707f491f9ec0da218f49a076e43c6fd7908339dd53916a1 | $0.46/hour ($10.94/day)
2026-07-31 22:58:21 INFO    NVDA-USDG: source book bid=196.76 ask=196.8
2026-07-31 22:58:21 INFO    NVDA-USDG: price unchanged and fresh (age 10s), skipping
2026-07-31 22:58:31 INFO    NVDA-USDG: source book bid=196.68 ask=196.76
2026-07-31 22:58:31 INFO    NVDA-USDG: bookId=195 bidTip=19648 (50 units) askTip=19696 (50 units)
2026-07-31 22:58:33 INFO    updateBooks sent (attempt 1/5): aab215817591a17d19eddf8635b95e83cce40e6e8e59ba4ae484227819ed8001 maxFee=0.041 gwei
2026-07-31 22:58:34 INFO    updateBooks confirmed in block 24195258 (gas used 38247): 0xaab215817591a17d19eddf8635b95e83cce40e6e8e59ba4ae484227819ed8001 | $0.45/hour ($10.76/day)
2026-07-31 22:58:41 INFO    NVDA-USDG: source book bid=196.68 ask=196.79
2026-07-31 22:58:41 INFO    NVDA-USDG: bookId=196 bidTip=19648 (50 units) askTip=19699 (50 units)
2026-07-31 22:58:43 INFO    updateBooks sent (attempt 1/5): d5ff99b189204aab457269bb661c17b99dec1ecc5b9479065fd9ff9dd34c19e4 maxFee=0.041 gwei
2026-07-31 22:58:44 INFO    updateBooks confirmed in block 24195358 (gas used 38247): 0xd5ff99b189204aab457269bb661c17b99dec1ecc5b9479065fd9ff9dd34c19e4 | $0.45/hour ($10.81/day)
2026-07-31 22:58:51 INFO    NVDA-USDG: source book bid=196.68 ask=196.79
2026-07-31 22:58:51 INFO    NVDA-USDG: price unchanged and fresh (age 10s), skipping
2026-07-31 22:59:01 INFO    NVDA-USDG: source book bid=196.73 ask=196.79
2026-07-31 22:59:01 INFO    NVDA-USDG: bookId=197 bidTip=19653 (50 units) askTip=19699 (50 units)
2026-07-31 22:59:03 INFO    updateBooks sent (attempt 1/5): 5958aaca8fcc029d7a396ad45ba8c424f71858b91c11d25acb96634850617f8c maxFee=0.041 gwei
2026-07-31 22:59:03 INFO    updateBooks confirmed in block 24195555 (gas used 38247): 0x5958aaca8fcc029d7a396ad45ba8c424f71858b91c11d25acb96634850617f8c | $0.44/hour ($10.64/day)
2026-07-31 22:59:11 INFO    NVDA-USDG: source book bid=196.84 ask=196.9
2026-07-31 22:59:11 INFO    NVDA-USDG: bookId=198 bidTip=19664 (50 units) askTip=19710 (50 units)
2026-07-31 22:59:13 INFO    updateBooks sent (attempt 1/5): 4a8ae0e69a953db2ae0ac74b92d9c4487bd4fdde2d82fc93f104a859b8111d2d maxFee=0.041 gwei
2026-07-31 22:59:14 INFO    updateBooks confirmed in block 24195655 (gas used 38247): 0x4a8ae0e69a953db2ae0ac74b92d9c4487bd4fdde2d82fc93f104a859b8111d2d | $0.45/hour ($10.69/day)
2026-07-31 22:59:21 INFO    NVDA-USDG: source book bid=196.84 ask=196.89
2026-07-31 22:59:21 INFO    NVDA-USDG: bookId=199 bidTip=19664 (50 units) askTip=19709 (50 units)
2026-07-31 22:59:23 INFO    updateBooks sent (attempt 1/5): 831beff492f0c8fe476e5ba7916732152de96486c673268b36b53b4e4ca30487 maxFee=0.041 gwei
2026-07-31 22:59:23 INFO    updateBooks confirmed in block 24195753 (gas used 38247): 0x831beff492f0c8fe476e5ba7916732152de96486c673268b36b53b4e4ca30487 | $0.45/hour ($10.74/day)
2026-07-31 22:59:31 INFO    NVDA-USDG: source book bid=196.84 ask=196.89
2026-07-31 22:59:31 INFO    NVDA-USDG: price unchanged and fresh (age 10s), skipping
2026-07-31 22:59:41 INFO    NVDA-USDG: source book bid=196.84 ask=196.86
2026-07-31 22:59:41 INFO    NVDA-USDG: bookId=200 bidTip=19664 (50 units) askTip=19706 (50 units)
2026-07-31 22:59:43 INFO    updateBooks sent (attempt 1/5): 30243b8faf7a16c7b9119ed752974fa93fd7c2b42f7c7391742ea6144fc4231a maxFee=0.041 gwei
2026-07-31 22:59:43 INFO    updateBooks confirmed in block 24195952 (gas used 38247): 0x30243b8faf7a16c7b9119ed752974fa93fd7c2b42f7c7391742ea6144fc4231a | $0.44/hour ($10.59/day)
2026-07-31 22:59:51 INFO    NVDA-USDG: source book bid=196.84 ask=196.9
2026-07-31 22:59:51 INFO    NVDA-USDG: bookId=201 bidTip=19664 (50 units) askTip=19710 (50 units)
2026-07-31 22:59:53 INFO    updateBooks sent (attempt 1/5): 4e2105655c65cd0d843f41bf0f9989c899c0d0876104c02b8144d67637457495 maxFee=0.041 gwei
2026-07-31 22:59:54 INFO    updateBooks confirmed in block 24196054 (gas used 38247): 0x4e2105655c65cd0d843f41bf0f9989c899c0d0876104c02b8144d67637457495 | $0.44/hour ($10.64/day)
2026-07-31 23:00:01 INFO    NVDA-USDG: source book bid=196.85 ask=196.93
2026-07-31 23:00:01 INFO    NVDA-USDG: bookId=202 bidTip=19665 (50 units) askTip=19713 (50 units)
2026-07-31 23:00:03 INFO    updateBooks sent (attempt 1/5): 6b1c60756b246bfe98258d9316758314ad33c12362dbe9af2b4482949a09336d maxFee=0.041 gwei
2026-07-31 23:00:04 INFO    updateBooks confirmed in block 24196153 (gas used 38247): 0x6b1c60756b246bfe98258d9316758314ad33c12362dbe9af2b4482949a09336d | $0.45/hour ($10.69/day)
2026-07-31 23:00:11 INFO    NVDA-USDG: source book bid=196.84 ask=196.9
2026-07-31 23:00:11 INFO    NVDA-USDG: bookId=203 bidTip=19664 (50 units) askTip=19710 (50 units)
2026-07-31 23:00:13 INFO    updateBooks sent (attempt 1/5): 8597cc3d1917e1f3232f062c7ef5f6b94f5c5f6f81756d31b7d4fd529f8d8f5c maxFee=0.041 gwei
2026-07-31 23:00:14 INFO    updateBooks confirmed in block 24196251 (gas used 38247): 0x8597cc3d1917e1f3232f062c7ef5f6b94f5c5f6f81756d31b7d4fd529f8d8f5c | $0.45/hour ($10.75/day)
2026-07-31 23:00:21 INFO    NVDA-USDG: source book bid=196.84 ask=196.88
2026-07-31 23:00:21 INFO    NVDA-USDG: bookId=204 bidTip=19664 (50 units) askTip=19708 (50 units)
2026-07-31 23:00:23 INFO    updateBooks sent (attempt 1/5): d93db0e691f1c83d46ecf8c541fc58a83e17d39112058456e3d24e3298bbda94 maxFee=0.041 gwei
2026-07-31 23:00:23 INFO    updateBooks confirmed in block 24196349 (gas used 38247): 0xd93db0e691f1c83d46ecf8c541fc58a83e17d39112058456e3d24e3298bbda94 | $0.45/hour ($10.79/day)
2026-07-31 23:00:31 INFO    NVDA-USDG: source book bid=196.71 ask=196.88
2026-07-31 23:00:31 INFO    NVDA-USDG: bookId=205 bidTip=19651 (50 units) askTip=19708 (50 units)
2026-07-31 23:00:33 INFO    updateBooks sent (attempt 1/5): c313eb47e0d39e840e298d2a80e05f7db70d1674c3959a7f416ea3d2a2752f7d maxFee=0.041 gwei
2026-07-31 23:00:34 INFO    updateBooks confirmed in block 24196450 (gas used 38247): 0xc313eb47e0d39e840e298d2a80e05f7db70d1674c3959a7f416ea3d2a2752f7d | $0.45/hour ($10.83/day)
2026-07-31 23:00:41 INFO    NVDA-USDG: source book bid=196.76 ask=196.88
2026-07-31 23:00:41 INFO    NVDA-USDG: bookId=206 bidTip=19656 (50 units) askTip=19708 (50 units)
2026-07-31 23:00:43 INFO    updateBooks sent (attempt 1/5): c52c3d01115124155dcbfe22468cf68bc56dd5e4fd60d7163ea29131287b66cf maxFee=0.041 gwei
2026-07-31 23:00:44 INFO    updateBooks confirmed in block 24196550 (gas used 38247): 0xc52c3d01115124155dcbfe22468cf68bc56dd5e4fd60d7163ea29131287b66cf | $0.45/hour ($10.87/day)
2026-07-31 23:00:51 INFO    NVDA-USDG: source book bid=196.77 ask=196.9
2026-07-31 23:00:51 INFO    NVDA-USDG: bookId=207 bidTip=19657 (50 units) askTip=19710 (50 units)
2026-07-31 23:00:53 INFO    updateBooks sent (attempt 1/5): 94397e9f27784a89ab91ea96bb2e08ad660dfaced321bf5acab4f4926fa05b37 maxFee=0.041 gwei
2026-07-31 23:00:53 INFO    updateBooks confirmed in block 24196647 (gas used 38247): 0x94397e9f27784a89ab91ea96bb2e08ad660dfaced321bf5acab4f4926fa05b37 | $0.45/hour ($10.92/day)
2026-07-31 23:01:01 INFO    NVDA-USDG: source book bid=196.77 ask=196.84
2026-07-31 23:01:01 INFO    NVDA-USDG: bookId=208 bidTip=19657 (50 units) askTip=19704 (50 units)
2026-07-31 23:01:03 INFO    updateBooks sent (attempt 1/5): 3f4de65a0997ae1a490d4a11628444996ac95c7f8ca2bef91aa663c91cdbbf06 maxFee=0.041 gwei
2026-07-31 23:01:03 INFO    updateBooks confirmed in block 24196747 (gas used 38247): 0x3f4de65a0997ae1a490d4a11628444996ac95c7f8ca2bef91aa663c91cdbbf06 | $0.46/hour ($10.95/day)
2026-07-31 23:01:11 INFO    NVDA-USDG: source book bid=196.73 ask=196.84
2026-07-31 23:01:11 INFO    NVDA-USDG: bookId=209 bidTip=19653 (50 units) askTip=19704 (50 units)
2026-07-31 23:01:13 INFO    updateBooks sent (attempt 1/5): b8384d51cad09240fb746fc819c1b1337219f8ef0aaa1f86a08e85e69eb8ab4a maxFee=0.041 gwei
2026-07-31 23:01:14 INFO    updateBooks confirmed in block 24196850 (gas used 38247): 0xb8384d51cad09240fb746fc819c1b1337219f8ef0aaa1f86a08e85e69eb8ab4a | $0.46/hour ($10.98/day)
2026-07-31 23:01:20 INFO    Interrupted, shutting down
2026-07-31 23:01:25 INFO    Starting updater on robin (chainId 4663): hook=0xE06495094a44987833219A48B175C5c30D426088 updater=0x6f51c775547Dd7E1F1612e461754d3f24483684F balance=0.349838 ETH pairs=NVDA-USDG
2026-07-31 23:01:27 INFO    NVDA-USDG ready: poolId=0xc16369d31e57f6712533aeacdc99eb911818100e5e677242a6ad4a847c0e01ce tickWidth=10000000000 baseLiqUnit=100000000000000000 feePerSecond=100 base_is_c0=False decimals=18/6 askUnits=50 bookId=209 source=alpaca
2026-07-31 23:01:29 INFO    NVDA-USDG: source book bid=196.82 ask=196.88
2026-07-31 23:01:29 INFO    NVDA-USDG: bookId=210 bidTip=19662 (50 units) askTip=19708 (50 units)
2026-07-31 23:01:32 INFO    updateBooks sent (attempt 1/5): 193bfe590b0286a538123ab35f5404cf6611ba5a241a20bbe31cc6a88d3cab0b maxFee=0.041 gwei
2026-07-31 23:01:32 INFO    updateBooks confirmed in block 24197031 (gas used 38247): 0x193bfe590b0286a538123ab35f5404cf6611ba5a241a20bbe31cc6a88d3cab0b | $0.61/hour ($14.62/day)
2026-07-31 23:01:39 INFO    NVDA-USDG: source book bid=196.87 ask=196.88
2026-07-31 23:01:39 INFO    NVDA-USDG: bookId=211 bidTip=19667 (50 units) askTip=19708 (50 units)
2026-07-31 23:01:42 INFO    updateBooks sent (attempt 1/5): d583d4cc37307aa7fb79383c696ee7bc64fe476b056bbb606c92e6bf01cee249 maxFee=0.041 gwei
2026-07-31 23:01:42 INFO    updateBooks confirmed in block 24197129 (gas used 38247): 0xd583d4cc37307aa7fb79383c696ee7bc64fe476b056bbb606c92e6bf01cee249 | $0.58/hour ($14.04/day)
2026-07-31 23:01:49 INFO    NVDA-USDG: source book bid=196.82 ask=196.88
2026-07-31 23:01:49 INFO    NVDA-USDG: bookId=212 bidTip=19662 (50 units) askTip=19708 (50 units)
2026-07-31 23:01:52 INFO    updateBooks sent (attempt 1/5): b05a1478e2291a588091bd0222f59aa36145d2bfd605c4f447fdfa1ab5a7bbec maxFee=0.041 gwei
2026-07-31 23:01:52 INFO    updateBooks confirmed in block 24197233 (gas used 38247): 0xb05a1478e2291a588091bd0222f59aa36145d2bfd605c4f447fdfa1ab5a7bbec | $0.56/hour ($13.50/day)
2026-07-31 23:01:59 INFO    NVDA-USDG: source book bid=196.69 ask=196.85
2026-07-31 23:01:59 INFO    NVDA-USDG: bookId=213 bidTip=19649 (50 units) askTip=19705 (50 units)
2026-07-31 23:02:02 INFO    updateBooks sent (attempt 1/5): 7b83dac5b4be66172dd0b330bf7594b333b1b933ae9e0daa0a075c3eb5d52dac maxFee=0.042 gwei
2026-07-31 23:02:02 INFO    updateBooks confirmed in block 24197328 (gas used 38247): 0x7b83dac5b4be66172dd0b330bf7594b333b1b933ae9e0daa0a075c3eb5d52dac | $0.57/hour ($13.65/day)
2026-07-31 23:02:09 INFO    NVDA-USDG: source book bid=196.72 ask=196.85
2026-07-31 23:02:09 INFO    NVDA-USDG: bookId=214 bidTip=19652 (50 units) askTip=19705 (50 units)
2026-07-31 23:02:12 INFO    updateBooks sent (attempt 1/5): 584858319d2e174a953a836ba7fb9a74096163f97438e4666337692355f1490f maxFee=0.041 gwei
2026-07-31 23:02:12 INFO    updateBooks confirmed in block 24197429 (gas used 38247): 0x584858319d2e174a953a836ba7fb9a74096163f97438e4666337692355f1490f | $0.56/hour ($13.54/day)
2026-07-31 23:02:19 INFO    NVDA-USDG: source book bid=196.85 ask=196.87
2026-07-31 23:02:19 INFO    NVDA-USDG: bookId=215 bidTip=19665 (50 units) askTip=19707 (50 units)
2026-07-31 23:02:22 INFO    updateBooks sent (attempt 1/5): a72176287d075bfbd9bd2167d54709d50da8a9b4f41570f976596160eb4b3b72 maxFee=0.041 gwei
2026-07-31 23:02:22 INFO    updateBooks confirmed in block 24197527 (gas used 38247): 0xa72176287d075bfbd9bd2167d54709d50da8a9b4f41570f976596160eb4b3b72 | $0.56/hour ($13.54/day)
2026-07-31 23:02:29 INFO    NVDA-USDG: source book bid=196.9 ask=196.93
2026-07-31 23:02:29 INFO    NVDA-USDG: bookId=216 bidTip=19670 (50 units) askTip=19713 (50 units)
2026-07-31 23:02:32 INFO    updateBooks sent (attempt 1/5): 2cafeddc96f6350f93f63fb8e0d2a6d951d6d2099c43b9702aa8a80d1992c4b8 maxFee=0.041 gwei
2026-07-31 23:02:33 INFO    updateBooks confirmed in block 24197632 (gas used 38247): 0x2cafeddc96f6350f93f63fb8e0d2a6d951d6d2099c43b9702aa8a80d1992c4b8 | $0.56/hour ($13.37/day)
2026-07-31 23:02:39 INFO    NVDA-USDG: source book bid=196.95 ask=196.96
2026-07-31 23:02:39 INFO    NVDA-USDG: bookId=217 bidTip=19675 (50 units) askTip=19716 (50 units)
2026-07-31 23:02:41 INFO    updateBooks sent (attempt 1/5): 0bda41ecf1114cdbc0ed9d9bafa1b91f4fef57fd2ead6490ea53f8b2c2187a0a maxFee=0.041 gwei
2026-07-31 23:02:42 INFO    updateBooks confirmed in block 24197725 (gas used 38247): 0x0bda41ecf1114cdbc0ed9d9bafa1b91f4fef57fd2ead6490ea53f8b2c2187a0a | $0.56/hour ($13.51/day)
2026-07-31 23:02:49 INFO    NVDA-USDG: source book bid=196.95 ask=197
2026-07-31 23:02:49 INFO    NVDA-USDG: bookId=218 bidTip=19675 (50 units) askTip=19720 (50 units)
2026-07-31 23:02:52 INFO    updateBooks sent (attempt 1/5): 0782cb1f67a1b709fa1ee8d2f2d8fe54b7be11bf5a634e1e46abf0fb0353b5c3 maxFee=0.041 gwei
2026-07-31 23:02:52 INFO    updateBooks confirmed in block 24197826 (gas used 38247): 0x0782cb1f67a1b709fa1ee8d2f2d8fe54b7be11bf5a634e1e46abf0fb0353b5c3 | $0.56/hour ($13.46/day)
2026-07-31 23:02:59 INFO    NVDA-USDG: source book bid=197 ask=197.08
2026-07-31 23:02:59 INFO    NVDA-USDG: bookId=219 bidTip=19680 (50 units) askTip=19728 (50 units)
2026-07-31 23:03:02 INFO    updateBooks sent (attempt 1/5): e579a16a80e7a0512190e1cfee2c42d71726c054a1fd352aef37fe148306e2d0 maxFee=0.042 gwei
2026-07-31 23:03:02 INFO    updateBooks confirmed in block 24197924 (gas used 38247): 0xe579a16a80e7a0512190e1cfee2c42d71726c054a1fd352aef37fe148306e2d0 | $0.56/hour ($13.50/day)
2026-07-31 23:03:09 INFO    NVDA-USDG: source book bid=197.01 ask=197.08
2026-07-31 23:03:09 INFO    NVDA-USDG: bookId=220 bidTip=19681 (50 units) askTip=19728 (50 units)
2026-07-31 23:03:11 INFO    updateBooks sent (attempt 1/5): c2d6d3c1abe449db20aa3537a8d79b820d84a17a39ebd625a33e6044dd389eed maxFee=0.041 gwei
2026-07-31 23:03:12 INFO    updateBooks confirmed in block 24198022 (gas used 38247): 0xc2d6d3c1abe449db20aa3537a8d79b820d84a17a39ebd625a33e6044dd389eed | $0.56/hour ($13.50/day)
2026-07-31 23:03:19 INFO    NVDA-USDG: source book bid=196.95 ask=197.08
2026-07-31 23:03:19 INFO    NVDA-USDG: bookId=221 bidTip=19675 (50 units) askTip=19728 (50 units)
2026-07-31 23:03:22 INFO    updateBooks sent (attempt 1/5): 2fc67de3681aaf983c05c5296a9f318bc336277cf70f987a400a2de27be70fd0 maxFee=0.041 gwei
2026-07-31 23:03:22 INFO    updateBooks confirmed in block 24198126 (gas used 38247): 0x2fc67de3681aaf983c05c5296a9f318bc336277cf70f987a400a2de27be70fd0 | $0.56/hour ($13.45/day)
2026-07-31 23:03:29 INFO    NVDA-USDG: source book bid=196.95 ask=197.07
2026-07-31 23:03:29 INFO    NVDA-USDG: bookId=222 bidTip=19675 (50 units) askTip=19727 (50 units)
2026-07-31 23:03:32 INFO    updateBooks sent (attempt 1/5): 98b7279f58fdd815fa5cae527516dfa477849526a301a9d1a5096b99a4b60684 maxFee=0.042 gwei
2026-07-31 23:03:32 INFO    updateBooks confirmed in block 24198225 (gas used 38247): 0x98b7279f58fdd815fa5cae527516dfa477849526a301a9d1a5096b99a4b60684 | $0.56/hour ($13.49/day)
2026-07-31 23:03:39 INFO    NVDA-USDG: source book bid=197.04 ask=197.07
2026-07-31 23:03:39 INFO    NVDA-USDG: bookId=223 bidTip=19684 (50 units) askTip=19727 (50 units)
2026-07-31 23:03:41 INFO    updateBooks sent (attempt 1/5): b2ca50c9882435bad51d88f84f866df65be942746aee6f99a9c1747091461a6e maxFee=0.041 gwei
2026-07-31 23:03:42 INFO    updateBooks confirmed in block 24198322 (gas used 38247): 0xb2ca50c9882435bad51d88f84f866df65be942746aee6f99a9c1747091461a6e | $0.56/hour ($13.50/day)
2026-07-31 23:03:49 INFO    NVDA-USDG: source book bid=197.04 ask=197.08
2026-07-31 23:03:49 INFO    NVDA-USDG: bookId=224 bidTip=19684 (50 units) askTip=19728 (50 units)
2026-07-31 23:03:52 INFO    updateBooks sent (attempt 1/5): dd0ab9d062f240fc865e274b132dcde083cb6ba8279c464b897d1b476801eee5 maxFee=0.041 gwei
2026-07-31 23:03:52 INFO    updateBooks confirmed in block 24198423 (gas used 38247): 0xdd0ab9d062f240fc865e274b132dcde083cb6ba8279c464b897d1b476801eee5 | $0.56/hour ($13.48/day)
2026-07-31 23:03:59 INFO    NVDA-USDG: source book bid=197.1 ask=197.13
2026-07-31 23:03:59 INFO    NVDA-USDG: bookId=225 bidTip=19690 (50 units) askTip=19733 (50 units)
2026-07-31 23:04:01 INFO    updateBooks sent (attempt 1/5): 67c75054758703cc2391bd509cd3ce454a5a43d5911c8fe028e78138e7fb30fa maxFee=0.041 gwei
2026-07-31 23:04:02 INFO    updateBooks confirmed in block 24198520 (gas used 38247): 0x67c75054758703cc2391bd509cd3ce454a5a43d5911c8fe028e78138e7fb30fa | $0.56/hour ($13.49/day)
2026-07-31 23:04:09 INFO    NVDA-USDG: source book bid=197.12 ask=197.13
2026-07-31 23:04:09 INFO    NVDA-USDG: bookId=226 bidTip=19692 (50 units) askTip=19733 (50 units)
2026-07-31 23:04:11 INFO    updateBooks sent (attempt 1/5): 685753b146094b19190aebb6a1a17391422517c2508642670b872bd2aea24eae maxFee=0.041 gwei
2026-07-31 23:04:12 INFO    updateBooks confirmed in block 24198619 (gas used 38247): 0x685753b146094b19190aebb6a1a17391422517c2508642670b872bd2aea24eae | $0.56/hour ($13.48/day)
2026-07-31 23:04:19 INFO    NVDA-USDG: source book bid=197.12 ask=197.14
2026-07-31 23:04:19 INFO    NVDA-USDG: bookId=227 bidTip=19692 (50 units) askTip=19734 (50 units)
2026-07-31 23:04:22 INFO    updateBooks sent (attempt 1/5): c52ca33c2913afda30feca16043d1798c5f2814a991c343272efd47035f41726 maxFee=0.041 gwei
2026-07-31 23:04:22 INFO    updateBooks confirmed in block 24198721 (gas used 38247): 0xc52ca33c2913afda30feca16043d1798c5f2814a991c343272efd47035f41726 | $0.56/hour ($13.45/day)
2026-07-31 23:04:29 INFO    NVDA-USDG: source book bid=197.1 ask=197.12
2026-07-31 23:04:29 INFO    NVDA-USDG: bookId=228 bidTip=19690 (50 units) askTip=19732 (50 units)
2026-07-31 23:04:32 INFO    updateBooks sent (attempt 1/5): b721b75d013226955c2a97a517c94cf24288a06cc3807c13c7c77f917602ee7c maxFee=0.041 gwei
2026-07-31 23:04:32 INFO    updateBooks confirmed in block 24198820 (gas used 38247): 0xb721b75d013226955c2a97a517c94cf24288a06cc3807c13c7c77f917602ee7c | $0.56/hour ($13.45/day)
2026-07-31 23:04:39 INFO    NVDA-USDG: source book bid=197.1 ask=197.12
2026-07-31 23:04:39 INFO    NVDA-USDG: price unchanged and fresh (age 10s), skipping
2026-07-31 23:04:49 INFO    NVDA-USDG: source book bid=197.1 ask=197.12
2026-07-31 23:04:49 INFO    NVDA-USDG: bookId=229 bidTip=19690 (50 units) askTip=19732 (50 units)
2026-07-31 23:04:52 INFO    updateBooks sent (attempt 1/5): 411e817f56bf1a7ba26acb7f0afa9cd56abeb5fd66d0e861d2683827acfba51f maxFee=0.041 gwei
2026-07-31 23:04:52 INFO    updateBooks confirmed in block 24199030 (gas used 38247): 0x411e817f56bf1a7ba26acb7f0afa9cd56abeb5fd66d0e861d2683827acfba51f | $0.53/hour ($12.79/day)
2026-07-31 23:04:59 INFO    NVDA-USDG: source book bid=197.11 ask=197.13
2026-07-31 23:04:59 INFO    NVDA-USDG: bookId=230 bidTip=19691 (50 units) askTip=19733 (50 units)
2026-07-31 23:05:02 INFO    updateBooks sent (attempt 1/5): 0cdef2cc27d8e236a548aed971166a75dc01020ea7c30afff5c88b2b9125a2a6 maxFee=0.041 gwei
2026-07-31 23:05:02 INFO    updateBooks confirmed in block 24199129 (gas used 38247): 0x0cdef2cc27d8e236a548aed971166a75dc01020ea7c30afff5c88b2b9125a2a6 | $0.53/hour ($12.82/day)
2026-07-31 23:05:09 INFO    NVDA-USDG: source book bid=197.1 ask=197.13
2026-07-31 23:05:09 INFO    NVDA-USDG: bookId=231 bidTip=19690 (50 units) askTip=19733 (50 units)
2026-07-31 23:05:12 INFO    updateBooks sent (attempt 1/5): 5c4bb8181cb98ac053c1adf83d3580596bde50e1168cf3f757eb2eef47227532 maxFee=0.041 gwei
2026-07-31 23:05:12 INFO    updateBooks confirmed in block 24199228 (gas used 38247): 0x5c4bb8181cb98ac053c1adf83d3580596bde50e1168cf3f757eb2eef47227532 | $0.54/hour ($12.85/day)
2026-07-31 23:05:19 INFO    NVDA-USDG: source book bid=197.12 ask=197.14
2026-07-31 23:05:19 INFO    NVDA-USDG: bookId=232 bidTip=19692 (50 units) askTip=19734 (50 units)
2026-07-31 23:05:22 INFO    updateBooks sent (attempt 1/5): 89e8589e805712031c337b0b5cea1118771e8e0ccac0f519f36ad50c32964f96 maxFee=0.041 gwei
2026-07-31 23:05:22 INFO    updateBooks confirmed in block 24199329 (gas used 38247): 0x89e8589e805712031c337b0b5cea1118771e8e0ccac0f519f36ad50c32964f96 | $0.54/hour ($12.86/day)
2026-07-31 23:05:29 INFO    NVDA-USDG: source book bid=197.12 ask=197.14
2026-07-31 23:05:29 INFO    NVDA-USDG: price unchanged and fresh (age 10s), skipping
2026-07-31 23:05:38 INFO    Interrupted, shutting down
2026-07-31 23:05:46 INFO    Starting updater on robin (chainId 4663): hook=0xE06495094a44987833219A48B175C5c30D426088 updater=0x6f51c775547Dd7E1F1612e461754d3f24483684F balance=0.349821 ETH pairs=NVDA-USDG
2026-07-31 23:05:48 INFO    NVDA-USDG ready: poolId=0xc16369d31e57f6712533aeacdc99eb911818100e5e677242a6ad4a847c0e01ce tickWidth=10000000000 baseLiqUnit=100000000000000000 feePerSecond=100 base_is_c0=False decimals=18/6 askUnits=50 bookId=232 source=alpaca
2026-07-31 23:05:50 INFO    NVDA-USDG: source book bid=197.13 ask=197.18
2026-07-31 23:05:50 INFO    NVDA-USDG: bookId=233 bidTip=19693 (50 units) askTip=19738 (50 units)
2026-07-31 23:05:52 INFO    updateBooks sent (attempt 1/5): 53c4ac43dc25f7bfb67ecd10e60c2f016238959fe97c9ad88610d68baf3e2fae maxFee=0.041 gwei
2026-07-31 23:05:52 INFO    updateBooks confirmed in block 24199631 (gas used 38247): 0x53c4ac43dc25f7bfb67ecd10e60c2f016238959fe97c9ad88610d68baf3e2fae | $0.61/hour ($14.68/day)
2026-07-31 23:05:59 INFO    NVDA-USDG: source book bid=197.2 ask=197.25
2026-07-31 23:05:59 INFO    NVDA-USDG: bookId=234 bidTip=19700 (50 units) askTip=19745 (50 units)
2026-07-31 23:06:02 INFO    updateBooks sent (attempt 1/5): bced4353023f600e7dc367e94893b0f75354105e5fced004fccef9d02185576c maxFee=0.041 gwei
2026-07-31 23:06:02 INFO    updateBooks confirmed in block 24199730 (gas used 38247): 0xbced4353023f600e7dc367e94893b0f75354105e5fced004fccef9d02185576c | $0.58/hour ($14.01/day)
2026-07-31 23:06:10 INFO    NVDA-USDG: source book bid=197.2 ask=197.26
2026-07-31 23:06:10 INFO    NVDA-USDG: bookId=235 bidTip=19700 (50 units) askTip=19746 (50 units)
2026-07-31 23:06:12 INFO    updateBooks sent (attempt 1/5): 90ab89848ba26470471640aafe5e60c253804d3eafc5211f965656b8bad2f501 maxFee=0.041 gwei
2026-07-31 23:06:12 INFO    updateBooks confirmed in block 24199831 (gas used 38247): 0x90ab89848ba26470471640aafe5e60c253804d3eafc5211f965656b8bad2f501 | $0.57/hour ($13.68/day)
2026-07-31 23:06:20 INFO    NVDA-USDG: source book bid=197.13 ask=197.23
2026-07-31 23:06:20 INFO    NVDA-USDG: bookId=236 bidTip=19693 (50 units) askTip=19743 (50 units)
2026-07-31 23:06:22 INFO    updateBooks sent (attempt 1/5): ba220df799976425755f9a50bef2482d08320852848f1e1662a8533a2e42626a maxFee=0.041 gwei
2026-07-31 23:06:22 INFO    updateBooks confirmed in block 24199930 (gas used 38247): 0xba220df799976425755f9a50bef2482d08320852848f1e1662a8533a2e42626a | $0.57/hour ($13.60/day)
2026-07-31 23:06:29 INFO    NVDA-USDG: source book bid=197.13 ask=197.2
2026-07-31 23:06:29 INFO    NVDA-USDG: bookId=237 bidTip=19693 (50 units) askTip=19740 (50 units)
2026-07-31 23:06:32 INFO    updateBooks sent (attempt 1/5): f3dc7a8821e970bcc28f71204f8e9006c08ff5798fac6b286ef64718c55bfa05 maxFee=0.041 gwei
2026-07-31 23:06:32 INFO    updateBooks confirmed in block 24200029 (gas used 38247): 0xf3dc7a8821e970bcc28f71204f8e9006c08ff5798fac6b286ef64718c55bfa05 | $0.56/hour ($13.54/day)
2026-07-31 23:06:40 INFO    NVDA-USDG: source book bid=197.05 ask=197.15
2026-07-31 23:06:40 INFO    NVDA-USDG: bookId=238 bidTip=19685 (50 units) askTip=19735 (50 units)
2026-07-31 23:06:42 INFO    updateBooks sent (attempt 1/5): 4d5ebc5087469fb6c4edb7567efd279a05f40b0c7afd89b1856a4987810f1c22 maxFee=0.041 gwei
2026-07-31 23:06:42 INFO    updateBooks confirmed in block 24200129 (gas used 38247): 0x4d5ebc5087469fb6c4edb7567efd279a05f40b0c7afd89b1856a4987810f1c22 | $0.56/hour ($13.47/day)
2026-07-31 23:06:50 INFO    NVDA-USDG: source book bid=197.06 ask=197.15
2026-07-31 23:06:50 INFO    NVDA-USDG: bookId=239 bidTip=19686 (50 units) askTip=19735 (50 units)
2026-07-31 23:06:52 INFO    updateBooks sent (attempt 1/5): 39711a4ab9e3584e56a31355edc9298dd394b253d33c9fd55d8ea8839c64d86d maxFee=0.041 gwei
2026-07-31 23:06:52 INFO    updateBooks confirmed in block 24200228 (gas used 38247): 0x39711a4ab9e3584e56a31355edc9298dd394b253d33c9fd55d8ea8839c64d86d | $0.56/hour ($13.44/day)
2026-07-31 23:07:00 INFO    NVDA-USDG: source book bid=197.06 ask=197.15
2026-07-31 23:07:00 INFO    NVDA-USDG: price unchanged and fresh (age 10s), skipping
2026-07-31 23:07:09 INFO    NVDA-USDG: source book bid=197.07 ask=197.15
2026-07-31 23:07:09 INFO    NVDA-USDG: bookId=240 bidTip=19687 (50 units) askTip=19735 (50 units)
2026-07-31 23:07:12 INFO    updateBooks sent (attempt 1/5): fbfb6ec20a775cb2e3c478d9b4c16bd4b35d51380bfece4cfa4968f8dca99ad4 maxFee=0.041 gwei
2026-07-31 23:07:12 INFO    updateBooks confirmed in block 24200427 (gas used 38247): 0xfbfb6ec20a775cb2e3c478d9b4c16bd4b35d51380bfece4cfa4968f8dca99ad4 | $0.50/hour ($11.92/day)
2026-07-31 23:07:20 INFO    NVDA-USDG: source book bid=197.06 ask=197.14
2026-07-31 23:07:20 INFO    NVDA-USDG: bookId=241 bidTip=19686 (50 units) askTip=19734 (50 units)
2026-07-31 23:07:22 INFO    updateBooks sent (attempt 1/5): 21cbc457cfa67ff8343d0aa5297476b1d8d9a038db3638c6891a8617678ef1e3 maxFee=0.041 gwei
2026-07-31 23:07:23 INFO    updateBooks confirmed in block 24200528 (gas used 38247): 0x21cbc457cfa67ff8343d0aa5297476b1d8d9a038db3638c6891a8617678ef1e3 | $0.50/hour ($12.04/day)
2026-07-31 23:07:30 INFO    NVDA-USDG: source book bid=197.09 ask=197.13
2026-07-31 23:07:30 INFO    NVDA-USDG: bookId=242 bidTip=19689 (50 units) askTip=19733 (50 units)
2026-07-31 23:07:32 INFO    updateBooks sent (attempt 1/5): 135719f9dafcf3b17127b267a7e7a1016740d8ea78bfffc8f1d7fc29209bffd8 maxFee=0.041 gwei
2026-07-31 23:07:32 INFO    updateBooks confirmed in block 24200626 (gas used 38247): 0x135719f9dafcf3b17127b267a7e7a1016740d8ea78bfffc8f1d7fc29209bffd8 | $0.51/hour ($12.17/day)
2026-07-31 23:07:39 INFO    NVDA-USDG: source book bid=197.06 ask=197.1
2026-07-31 23:07:39 INFO    NVDA-USDG: bookId=243 bidTip=19686 (50 units) askTip=19730 (50 units)
2026-07-31 23:07:42 INFO    updateBooks sent (attempt 1/5): 4c27fe0fc07e64f2d3c2d39b19f9a369c289f843df6004dec8933b081470e895 maxFee=0.041 gwei
2026-07-31 23:07:43 INFO    updateBooks confirmed in block 24200725 (gas used 38247): 0x4c27fe0fc07e64f2d3c2d39b19f9a369c289f843df6004dec8933b081470e895 | $0.51/hour ($12.26/day)
2026-07-31 23:07:50 INFO    NVDA-USDG: source book bid=197.05 ask=197.1
2026-07-31 23:07:50 INFO    NVDA-USDG: bookId=244 bidTip=19685 (50 units) askTip=19730 (50 units)
2026-07-31 23:07:52 INFO    updateBooks sent (attempt 1/5): 3d35e0d969468874a1a5538a201587b2875e6a2344c421d3da1f887a51c55f77 maxFee=0.041 gwei
2026-07-31 23:07:53 INFO    updateBooks confirmed in block 24200826 (gas used 38247): 0x3d35e0d969468874a1a5538a201587b2875e6a2344c421d3da1f887a51c55f77 | $0.51/hour ($12.32/day)
2026-07-31 23:08:00 INFO    NVDA-USDG: source book bid=197.06 ask=197.1
2026-07-31 23:08:00 INFO    NVDA-USDG: bookId=245 bidTip=19686 (50 units) askTip=19730 (50 units)
